s00000023579001,https://krcampus.net/guide/korean-study-apps
s00000023579001,https://krcampus.net/guide/korean-study-apps?lang=en
s00000023579001,https://krcampus.net/guide/topik
s00000023579001,https://krcampus.net/guide/topik-study-plan
s00000023579001,https://krcampus.net/guide/topik-study-plan?lang=en
s00000023579001,https://krcampus.net/guide/topik-vs-klat
s00000023579001,https://krcampus.net/guide/topik-vs-klat?lang=en
s00000023579001,https://krcampus.net/guide/topik?lang=en
s00000023579001,https://krcampus.net/school/school_chonnam-national-university-korean-language-institute
s00000023579001,https://krcampus.net/school/school_chonnam-national-university-korean-language-institute?lang=en
s00000023579001,https://krcampus.net/school/school_chosun-university-korean-language-institute
s00000023579001,https://krcampus.net/school/school_chosun-university-korean-language-institute?lang=en
s00000023579001,https://krcampus.net/school/school_chung-ang-university-language-institute
s00000023579001,https://krcampus.net/school/school_chung-ang-university-language-institute?lang=en
s00000023579001,https://krcampus.net/school/school_chungnam-national-university-korean-language-center
s00000023579001,https://krcampus.net/school/school_chungnam-national-university-korean-language-center?lang=en
s00000023579001,https://krcampus.net/school/school_daegu-university-korean-language-institute
s00000023579001,https://krcampus.net/school/school_daegu-university-korean-language-institute?lang=en
s00000023579001,https://krcampus.net/school/school_dankook-university-korean-language-center
s00000023579001,https://krcampus.net/school/school_dankook-university-korean-language-center?lang=en
s00000023579001,https://krcampus.net/school/school_dong-a-university-korean-language-institute
s00000023579001,https://krcampus.net/school/school_dong-a-university-korean-language-institute?lang=en
s00000023579001,https://krcampus.net/school/school_dongduk-womens-university-korean-language-institute
s00000023579001,https://krcampus.net/school/school_dongduk-womens-university-korean-language-institute?lang=en
s00000023579001,https://krcampus.net/school/school_dongguk-university-korean-language-institute
s00000023579001,https://krcampus.net/school/school_dongguk-university-korean-language-institute?lang=en
s00000023579001,https://krcampus.net/school/school_dongseo-university-korean-language-institute
s00000023579001,https://krcampus.net/school/school_dongseo-university-korean-language-institute?lang=en
s00000023579001,https://krcampus.net/school/school_duksung-womens-university-korean-language-institute
s00000023579001,https://krcampus.net/school/school_duksung-womens-university-korean-language-institute?lang=en
s00000023579001,https://krcampus.net/school/school_ewha-language-center
s00000023579001,https://krcampus.net/school/school_ewha-language-center?lang=en
s00000023579001,https://krcampus.net/school/school_gachon-university-korean-language-institute
s00000023579001,https://krcampus.net/school/school_gachon-university-korean-language-institute?lang=en
s00000023579001,https://krcampus.net/school/school_gangnam-korean-language-academy
s00000023579001,https://krcampus.net/school/school_gangnam-korean-language-academy?lang=en
s00000023579001,https://krcampus.net/school/school_hannam-university-korean-language-institute
s00000023579001,https://krcampus.net/school/school_hannam-university-korean-language-institute?lang=en
s00000023579001,https://krcampus.net/school/school_hansung-university-korean-language-institute
s00000023579001,https://krcampus.net/school/school_hansung-university-korean-language-institute?lang=en
s00000023579001,https://krcampus.net/school/school_hanyang-university-erica-international-language-institute
s00000023579001,https://krcampus.net/school/school_hanyang-university-erica-international-language-institute?lang=en
s00000023579001,https://krcampus.net/school/school_hanyang-university-seoul-institute-of-international-education
s00000023579001,https://krcampus.net/school/school_hanyang-university-seoul-institute-of-international-education?lang=en
s00000023579001,https://krcampus.net/school/school_hongik-university-korean-language-program
s00000023579001,https://krcampus.net/school/school_hongik-university-korean-language-program?lang=en
s00000023579001,https://krcampus.net/school/school_hufs-korean-language-education-center
s00000023579001,https://krcampus.net/school/school_hufs-korean-language-education-center?lang=en
s00000023579001,https://krcampus.net/school/school_hufs-seoul-korean-language-education-center
s00000023579001,https://krcampus.net/school/school_hufs-seoul-korean-language-education-center?lang=en
s00000023579001,https://krcampus.net/school/school_incheon-national-university-korean-language-institute
s00000023579001,https://krcampus.net/school/school_incheon-national-university-korean-language-institute?lang=en
s00000023579001,https://krcampus.net/school/school_inha-university-korean-language-institute
s00000023579001,https://krcampus.net/school/school_inha-university-korean-language-institute?lang=en
s00000023579001,https://krcampus.net/school/school_kangnam-university-korean-language-center
s00000023579001,https://krcampus.net/school/school_kangnam-university-korean-language-center?lang=en
s00000023579001,https://krcampus.net/school/school_keimyung-university-korean-language-institute
s00000023579001,https://krcampus.net/school/school_keimyung-university-korean-language-institute?lang=en
s00000023579001,https://krcampus.net/school/school_konkuk-university-language-education-institute
s00000023579001,https://krcampus.net/school/school_konkuk-university-language-education-institute?lang=en
s00000023579001,https://krcampus.net/school/school_kookmin-university-korean-language-center
s00000023579001,https://krcampus.net/school/school_kookmin-university-korean-language-center?lang=en
s00000023579001,https://krcampus.net/school/school_korea-aerospace-university-korean-language-center
s00000023579001,https://krcampus.net/school/school_korea-aerospace-university-korean-language-center?lang=en
s00000023579001,https://krcampus.net/school/school_korea-university-korean-language-center
s00000023579001,https://krcampus.net/school/school_korea-university-korean-language-center?lang=en
s00000023579001,https://krcampus.net/school/school_kwangwoon-university-korean-language-institute
s00000023579001,https://krcampus.net/school/school_kwangwoon-university-korean-language-institute?lang=en
s00000023579001,https://krcampus.net/school/school_kyung-hee-university-iie
s00000023579001,https://krcampus.net/school/school_kyung-hee-university-iie?lang=en
s00000023579001,https://krcampus.net/school/school_pukyong-national-university-korean-language-center
s00000023579001,https://krcampus.net/school/school_pukyong-national-university-korean-language-center?lang=en
s00000023579001,https://krcampus.net/school/school_pusan-national-university-korean-language-program
s00000023579001,https://krcampus.net/school/school_pusan-national-university-korean-language-program?lang=en
s00000023579001,https://krcampus.net/school/school_sahmyook-university-korean-language-institute
s00000023579001,https://krcampus.net/school/school_sahmyook-university-korean-language-institute?lang=en
s00000023579001,https://krcampus.net/school/school_sangmyung-university-korean-language-education-center
s00000023579001,https://krcampus.net/school/school_sangmyung-university-korean-language-education-center?lang=en
s00000023579001,https://krcampus.net/school/school_sejong-institute-seoul
s00000023579001,https://krcampus.net/school/school_sejong-institute-seoul?lang=en
s00000023579001,https://krcampus.net/school/school_sejong-university-korean-language-center
s00000023579001,https://krcampus.net/school/school_sejong-university-korean-language-center?lang=en
s00000023579001,https://krcampus.net/school/school_seoul-national-university-language-education-institute
s00000023579001,https://krcampus.net/school/school_seoul-national-university-language-education-institute?lang=en
s00000023579001,https://krcampus.net/school/school_seoultech-korean-language-center
s00000023579001,https://krcampus.net/school/school_seoultech-korean-language-center?lang=en
s00000023579001,https://krcampus.net/school/school_silla-university-korean-language-institute
s00000023579001,https://krcampus.net/school/school_silla-university-korean-language-institute?lang=en
s00000023579001,https://krcampus.net/school/school_soonchunhyang-university-korean-language-institute
s00000023579001,https://krcampus.net/school/school_soonchunhyang-university-korean-language-institute?lang=en
s00000023579001,https://krcampus.net/school/school_soongsil-university-korean-language-institute
s00000023579001,https://krcampus.net/school/school_soongsil-university-korean-language-institute?lang=en
s00000023579001,https://krcampus.net/school/school_sungkyunkwan-university-korean-language-center
s00000023579001,https://krcampus.net/school/school_sungkyunkwan-university-korean-language-center?lang=en
s00000023579001,https://krcampus.net/school/school_sungshin-womens-university-korean-language-center
s00000023579001,https://krcampus.net/school/school_sungshin-womens-university-korean-language-center?lang=en
s00000023579001,https://krcampus.net/school/school_ulsan-university-korean-language-center
s00000023579001,https://krcampus.net/school/school_ulsan-university-korean-language-center?lang=en
s00000023579001,https://krcampus.net/school/school_university-of-seoul-international-language-institute
s00000023579001,https://krcampus.net/school/school_university-of-seoul-international-language-institute?lang=en
s00000023579001,https://krcampus.net/school/school_wonkwang-university-korean-language-institute
s00000023579001,https://krcampus.net/school/school_wonkwang-university-korean-language-institute?lang=en
s00000023579001,https://krcampus.net/school/school_yeungnam-university-korean-language-institute
s00000023579001,https://krcampus.net/school/school_yeungnam-university-korean-language-institute?lang=en
s00000023579001,https://krcampus.net/school/school_yonsei-university-korean-language-institute
s00000023579001,https://krcampus.net/school/school_yonsei-university-korean-language-institute?lang=en
s00000023579001,https://krcampus.net/school/school_youngsan-university-korean-language-institute
s00000023579001,https://krcampus.net/school/school_youngsan-university-korean-language-institute?lang=en
s00000023579001,https://krcampus.net/school/univ_ajou-university
s00000023579001,https://krcampus.net/school/univ_ajou-university?lang=en
s00000023579001,https://krcampus.net/school/univ_baekseok-university-korean-language-education-center
s00000023579001,https://krcampus.net/school/univ_baekseok-university-korean-language-education-center?lang=en
s00000023579001,https://krcampus.net/school/univ_busan-foreign-studies
s00000023579001,https://krcampus.net/school/univ_busan-foreign-studies?lang=en
s00000023579001,https://krcampus.net/school/univ_changwon-national-university
s00000023579001,https://krcampus.net/school/univ_changwon-national-university?lang=en
s00000023579001,https://krcampus.net/school/univ_cheongju-university
s00000023579001,https://krcampus.net/school/univ_cheongju-university?lang=en
s00000023579001,https://krcampus.net/school/univ_chonnam-national-university
s00000023579001,https://krcampus.net/school/univ_chonnam-national-university?lang=en
s00000023579001,https://krcampus.net/school/univ_chosun-university
s00000023579001,https://krcampus.net/school/univ_chosun-university?lang=en
s00000023579001,https://krcampus.net/school/univ_chung-ang-university
s00000023579001,https://krcampus.net/school/univ_chung-ang-university?lang=en
s00000023579001,https://krcampus.net/school/univ_chungbuk-national-university
s00000023579001,https://krcampus.net/school/univ_chungbuk-national-university?lang=en
s00000023579001,https://krcampus.net/school/univ_chungnam-national-university
s00000023579001,https://krcampus.net/school/univ_chungnam-national-university?lang=en
s00000023579001,https://krcampus.net/school/univ_daegu-catholic-university
s00000023579001,https://krcampus.net/school/univ_daegu-catholic-university?lang=en
s00000023579001,https://krcampus.net/school/univ_daegu-university
s00000023579001,https://krcampus.net/school/univ_daegu-university?lang=en
s00000023579001,https://krcampus.net/school/univ_daejeon-university-korean-language-institute
s00000023579001,https://krcampus.net/school/univ_daejeon-university-korean-language-institute?lang=en
s00000023579001,https://krcampus.net/school/univ_dankook-university
s00000023579001,https://krcampus.net/school/univ_dankook-university?lang=en
s00000023579001,https://krcampus.net/school/univ_dgist-daegu-gyeongbuk-institute-of-science-and-technology
s00000023579001,https://krcampus.net/school/univ_dgist-daegu-gyeongbuk-institute-of-science-and-technology?lang=en
s00000023579001,https://krcampus.net/school/univ_dong-a-university
s00000023579001,https://krcampus.net/school/univ_dong-a-university?lang=en
s00000023579001,https://krcampus.net/school/univ_dong-eui-university
s00000023579001,https://krcampus.net/school/univ_dong-eui-university?lang=en
s00000023579001,https://krcampus.net/school/univ_dongguk-university
s00000023579001,https://krcampus.net/school/univ_dongguk-university?lang=en
s00000023579001,https://krcampus.net/school/univ_duksung-womens-university
s00000023579001,https://krcampus.net/school/univ_duksung-womens-university?lang=en
s00000023579001,https://krcampus.net/school/univ_ewha-womans-university
s00000023579001,https://krcampus.net/school/univ_ewha-womans-university?lang=en
s00000023579001,https://krcampus.net/school/univ_gangneung-wonju-national-university
s00000023579001,https://krcampus.net/school/univ_gangneung-wonju-national-university?lang=en
s00000023579001,https://krcampus.net/school/univ_gyeongsang-national-university
s00000023579001,https://krcampus.net/school/univ_gyeongsang-national-university?lang=en
s00000023579001,https://krcampus.net/school/univ_handong-global-university
s00000023579001,https://krcampus.net/school/univ_handong-global-university?lang=en
s00000023579001,https://krcampus.net/school/univ_hankuk-university-of-foreign-studies
s00000023579001,https://krcampus.net/school/univ_hankuk-university-of-foreign-studies?lang=en
s00000023579001,https://krcampus.net/school/univ_hanyang-university
s00000023579001,https://krcampus.net/school/univ_hanyang-university-erica
s00000023579001,https://krcampus.net/school/univ_hanyang-university-erica?lang=en
s00000023579001,https://krcampus.net/school/univ_hanyang-university?lang=en
s00000023579001,https://krcampus.net/school/univ_hongik-university
s00000023579001,https://krcampus.net/school/univ_hongik-university?lang=en
s00000023579001,https://krcampus.net/school/univ_hoseo-university-korean-language-institute
s00000023579001,https://krcampus.net/school/univ_hoseo-university-korean-language-institute?lang=en
s00000023579001,https://krcampus.net/school/univ_inha-university
s00000023579001,https://krcampus.net/school/univ_inha-university?lang=en
s00000023579001,https://krcampus.net/school/univ_jeju-national-university
s00000023579001,https://krcampus.net/school/univ_jeju-national-university?lang=en
s00000023579001,https://krcampus.net/school/univ_jeonbuk-national-university
s00000023579001,https://krcampus.net/school/univ_jeonbuk-national-university?lang=en
s00000023579001,https://krcampus.net/school/univ_jeonju-university
s00000023579001,https://krcampus.net/school/univ_jeonju-university?lang=en
s00000023579001,https://krcampus.net/school/univ_kaist-korea-advanced-institute-of-science-and-technology
s00000023579001,https://krcampus.net/school/univ_kaist-korea-advanced-institute-of-science-and-technology?lang=en
s00000023579001,https://krcampus.net/school/univ_kangwon-national-university
s00000023579001,https://krcampus.net/school/univ_kangwon-national-university?lang=en
s00000023579001,https://krcampus.net/school/univ_konkuk-university
s00000023579001,https://krcampus.net/school/univ_konkuk-university?lang=en
s00000023579001,https://krcampus.net/school/univ_kookmin-university
s00000023579001,https://krcampus.net/school/univ_kookmin-university?lang=en
s00000023579001,https://krcampus.net/school/univ_korea-aerospace-university
s00000023579001,https://krcampus.net/school/univ_korea-aerospace-university?lang=en
s00000023579001,https://krcampus.net/school/univ_korea-national-open-university
s00000023579001,https://krcampus.net/school/univ_korea-national-open-university?lang=en
s00000023579001,https://krcampus.net/school/univ_korea-national-sport-university
s00000023579001,https://krcampus.net/school/univ_korea-national-sport-university?lang=en
s00000023579001,https://krcampus.net/school/univ_korea-national-university-of-arts
s00000023579001,https://krcampus.net/school/univ_korea-national-university-of-arts?lang=en
s00000023579001,https://krcampus.net/school/univ_korea-national-university-of-transportation
s00000023579001,https://krcampus.net/school/univ_korea-national-university-of-transportation?lang=en
s00000023579001,https://krcampus.net/school/univ_korea-university
s00000023579001,https://krcampus.net/school/univ_korea-university-of-technology-and-education
s00000023579001,https://krcampus.net/school/univ_korea-university-of-technology-and-education?lang=en
s00000023579001,https://krcampus.net/school/univ_korea-university-sejong-campus
s00000023579001,https://krcampus.net/school/univ_korea-university-sejong-campus?lang=en
s00000023579001,https://krcampus.net/school/univ_korea-university?lang=en
s00000023579001,https://krcampus.net/school/univ_kumoh-national-institute-of-technology
s00000023579001,https://krcampus.net/school/univ_kumoh-national-institute-of-technology?lang=en
s00000023579001,https://krcampus.net/school/univ_kwangwoon-university
s00000023579001,https://krcampus.net/school/univ_kwangwoon-university?lang=en
s00000023579001,https://krcampus.net/school/univ_kyung-hee-university
s00000023579001,https://krcampus.net/school/univ_kyung-hee-university?lang=en
s00000023579001,https://krcampus.net/school/univ_kyungpook-national-university
s00000023579001,https://krcampus.net/school/univ_kyungpook-national-university?lang=en
s00000023579001,https://krcampus.net/school/univ_kyungsung-university
s00000023579001,https://krcampus.net/school/univ_kyungsung-university?lang=en
s00000023579001,https://krcampus.net/school/univ_mokpo-national-university
s00000023579001,https://krcampus.net/school/univ_mokpo-national-university?lang=en
s00000023579001,https://krcampus.net/school/univ_myongji-university
s00000023579001,https://krcampus.net/school/univ_myongji-university?lang=en
s00000023579001,https://krcampus.net/school/univ_namseoul-university-korean-language-institute
s00000023579001,https://krcampus.net/school/univ_namseoul-university-korean-language-institute?lang=en
s00000023579001,https://krcampus.net/school/univ_pohang-university-of-science-and-technology
s00000023579001,https://krcampus.net/school/univ_pohang-university-of-science-and-technology?lang=en
s00000023579001,https://krcampus.net/school/univ_pukyong-national-university
s00000023579001,https://krcampus.net/school/univ_pukyong-national-university?lang=en
s00000023579001,https://krcampus.net/school/univ_pusan-national-university
s00000023579001,https://krcampus.net/school/univ_pusan-national-university?lang=en
s00000023579001,https://krcampus.net/school/univ_sahmyook-university
s00000023579001,https://krcampus.net/school/univ_sahmyook-university?lang=en
s00000023579001,https://krcampus.net/school/univ_sangmyung-university
s00000023579001,https://krcampus.net/school/univ_sangmyung-university?lang=en
s00000023579001,https://krcampus.net/school/univ_sejong-university
s00000023579001,https://krcampus.net/school/univ_sejong-university?lang=en
s00000023579001,https://krcampus.net/school/univ_semyung-university-korean-language-institute
s00000023579001,https://krcampus.net/school/univ_semyung-university-korean-language-institute?lang=en
s00000023579001,https://krcampus.net/school/univ_seoul-national-university
s00000023579001,https://krcampus.net/school/univ_seoul-national-university?lang=en
s00000023579001,https://krcampus.net/school/univ_seoul-womens-university
s00000023579001,https://krcampus.net/school/univ_seoul-womens-university?lang=en
s00000023579001,https://krcampus.net/school/univ_sogang-university
s00000023579001,https://krcampus.net/school/univ_sogang-university?lang=en
s00000023579001,https://krcampus.net/school/univ_sookmyung-womens-university
s00000023579001,https://krcampus.net/school/univ_sookmyung-womens-university?lang=en
s00000023579001,https://krcampus.net/school/univ_soonchunhyang-university
s00000023579001,https://krcampus.net/school/univ_soonchunhyang-university?lang=en
s00000023579001,https://krcampus.net/school/univ_soongsil-university
s00000023579001,https://krcampus.net/school/univ_soongsil-university?lang=en
s00000023579001,https://krcampus.net/school/univ_sunchon-national-university
s00000023579001,https://krcampus.net/school/univ_sunchon-national-university?lang=en
s00000023579001,https://krcampus.net/school/univ_sungkyunkwan-university
s00000023579001,https://krcampus.net/school/univ_sungkyunkwan-university?lang=en
s00000023579001,https://krcampus.net/school/univ_unist-ulsan-national-institute-of-science-and-technology
s00000023579001,https://krcampus.net/school/univ_unist-ulsan-national-institute-of-science-and-technology?lang=en
s00000023579001,https://krcampus.net/school/univ_university-of-seoul
s00000023579001,https://krcampus.net/school/univ_university-of-seoul?lang=en
s00000023579001,https://krcampus.net/school/univ_woosong-university-korean-language-institute
s00000023579001,https://krcampus.net/school/univ_woosong-university-korean-language-institute?lang=en
s00000023579001,https://krcampus.net/school/univ_yeungnam-university
s00000023579001,https://krcampus.net/school/univ_yeungnam-university?lang=en
s00000023579001,https://krcampus.net/school/univ_yonsei-university
s00000023579001,https://krcampus.net/school/univ_yonsei-university-wonju-campus
s00000023579001,https://krcampus.net/school/univ_yonsei-university-wonju-campus?lang=en
s00000023579001,https://krcampus.net/school/univ_yonsei-university?lang=en
s00000023579001,https://krcampus.net/school/univ_youngsan-university
s00000023579001,https://krcampus.net/school/univ_youngsan-university?lang=en
s00000023579001,https://krcampus.net/university/ajou-university
s00000023579001,https://krcampus.net/university/ajou-university?lang=en
s00000023579001,https://krcampus.net/university/ajou-university_ja
s00000023579001,https://krcampus.net/university/ajou-university_ja?lang=en
s00000023579001,https://krcampus.net/university/baekseok-university-korean-language-education-center
s00000023579001,https://krcampus.net/university/baekseok-university-korean-language-education-center?lang=en
s00000023579001,https://krcampus.net/university/busan-foreign-studies
s00000023579001,https://krcampus.net/university/busan-foreign-studies?lang=en
s00000023579001,https://krcampus.net/university/changwon-national-university
s00000023579001,https://krcampus.net/university/changwon-national-university?lang=en
s00000023579001,https://krcampus.net/university/changwon-national-university_ja
s00000023579001,https://krcampus.net/university/changwon-national-university_ja?lang=en
s00000023579001,https://krcampus.net/university/cheongju-university
s00000023579001,https://krcampus.net/university/cheongju-university?lang=en
s00000023579001,https://krcampus.net/university/chonnam-national-university
s00000023579001,https://krcampus.net/university/chonnam-national-university?lang=en
s00000023579001,https://krcampus.net/university/chonnam-national-university_ja
s00000023579001,https://krcampus.net/university/chonnam-national-university_ja?lang=en
s00000023579001,https://krcampus.net/university/chosun-university
s00000023579001,https://krcampus.net/university/chosun-university?lang=en
s00000023579001,https://krcampus.net/university/chosun-university_ja
s00000023579001,https://krcampus.net/university/chosun-university_ja?lang=en
s00000023579001,https://krcampus.net/university/chung-ang-university
s00000023579001,https://krcampus.net/university/chung-ang-university?lang=en
s00000023579001,https://krcampus.net/university/chung-ang-university_ja
s00000023579001,https://krcampus.net/university/chung-ang-university_ja?lang=en
s00000023579001,https://krcampus.net/university/chungbuk-national-university
s00000023579001,https://krcampus.net/university/chungbuk-national-university?lang=en
s00000023579001,https://krcampus.net/university/chungbuk-national-university_ja
s00000023579001,https://krcampus.net/university/chungbuk-national-university_ja?lang=en
s00000023579001,https://krcampus.net/university/chungnam-national-university
s00000023579001,https://krcampus.net/university/chungnam-national-university?lang=en
s00000023579001,https://krcampus.net/university/chungnam-national-university_ja
s00000023579001,https://krcampus.net/university/chungnam-national-university_ja?lang=en
s00000023579001,https://krcampus.net/university/daegu-catholic-university
s00000023579001,https://krcampus.net/university/daegu-catholic-university?lang=en
s00000023579001,https://krcampus.net/university/daegu-university
s00000023579001,https://krcampus.net/university/daegu-university?lang=en
s00000023579001,https://krcampus.net/university/daegu-university_ja
s00000023579001,https://krcampus.net/university/daegu-university_ja?lang=en
s00000023579001,https://krcampus.net/university/daejeon-university-korean-language-institute
s00000023579001,https://krcampus.net/university/daejeon-university-korean-language-institute?lang=en
s00000023579001,https://krcampus.net/university/dankook-university
s00000023579001,https://krcampus.net/university/dankook-university?lang=en
s00000023579001,https://krcampus.net/university/dankook-university_ja
s00000023579001,https://krcampus.net/university/dankook-university_ja?lang=en
s00000023579001,https://krcampus.net/university/dgist-daegu-gyeongbuk-institute-of-science-and-technology
s00000023579001,https://krcampus.net/university/dgist-daegu-gyeongbuk-institute-of-science-and-technology?lang=en
s00000023579001,https://krcampus.net/university/dgist-daegu-gyeongbuk-institute-of-science-and-technology_ja
s00000023579001,https://krcampus.net/university/dgist-daegu-gyeongbuk-institute-of-science-and-technology_ja?lang=en
s00000023579001,https://krcampus.net/university/dong-a-university
s00000023579001,https://krcampus.net/university/dong-a-university?lang=en
s00000023579001,https://krcampus.net/university/dong-a-university_ja
s00000023579001,https://krcampus.net/university/dong-a-university_ja?lang=en
s00000023579001,https://krcampus.net/university/dong-eui-university
s00000023579001,https://krcampus.net/university/dong-eui-university?lang=en
s00000023579001,https://krcampus.net/university/dongguk-university
s00000023579001,https://krcampus.net/university/dongguk-university?lang=en
s00000023579001,https://krcampus.net/university/dongguk-university_ja
s00000023579001,https://krcampus.net/university/dongguk-university_ja?lang=en
s00000023579001,https://krcampus.net/university/duksung-womens-university
s00000023579001,https://krcampus.net/university/duksung-womens-university?lang=en
s00000023579001,https://krcampus.net/university/duksung-womens-university_ja
s00000023579001,https://krcampus.net/university/duksung-womens-university_ja?lang=en
s00000023579001,https://krcampus.net/university/ewha-womans-university
s00000023579001,https://krcampus.net/university/ewha-womans-university?lang=en
s00000023579001,https://krcampus.net/university/ewha-womans-university_ja
s00000023579001,https://krcampus.net/university/ewha-womans-university_ja?lang=en
s00000023579001,https://krcampus.net/university/gangneung-wonju-national-university
s00000023579001,https://krcampus.net/university/gangneung-wonju-national-university?lang=en
s00000023579001,https://krcampus.net/university/gyeongsang-national-university
s00000023579001,https://krcampus.net/university/gyeongsang-national-university?lang=en
s00000023579001,https://krcampus.net/university/gyeongsang-national-university_ja
s00000023579001,https://krcampus.net/university/gyeongsang-national-university_ja?lang=en
s00000023579001,https://krcampus.net/university/handong-global-university
s00000023579001,https://krcampus.net/university/handong-global-university?lang=en
s00000023579001,https://krcampus.net/university/hankuk-university-of-foreign-studies
s00000023579001,https://krcampus.net/university/hankuk-university-of-foreign-studies?lang=en
s00000023579001,https://krcampus.net/university/hankuk-university-of-foreign-studies_ja
s00000023579001,https://krcampus.net/university/hankuk-university-of-foreign-studies_ja?lang=en
s00000023579001,https://krcampus.net/university/hanyang-university
s00000023579001,https://krcampus.net/university/hanyang-university-erica
s00000023579001,https://krcampus.net/university/hanyang-university-erica?lang=en
s00000023579001,https://krcampus.net/university/hanyang-university?lang=en
s00000023579001,https://krcampus.net/university/hanyang-university_ja
s00000023579001,https://krcampus.net/university/hanyang-university_ja?lang=en
s00000023579001,https://krcampus.net/university/hongik-university
s00000023579001,https://krcampus.net/university/hongik-university?lang=en
s00000023579001,https://krcampus.net/university/hongik-university_ja
s00000023579001,https://krcampus.net/university/hongik-university_ja?lang=en
s00000023579001,https://krcampus.net/university/hoseo-university-korean-language-institute
s00000023579001,https://krcampus.net/university/hoseo-university-korean-language-institute?lang=en
s00000023579001,https://krcampus.net/university/inha-university
s00000023579001,https://krcampus.net/university/inha-university?lang=en
s00000023579001,https://krcampus.net/university/inha-university_ja
s00000023579001,https://krcampus.net/university/inha-university_ja?lang=en
s00000023579001,https://krcampus.net/university/jeju-national-university
s00000023579001,https://krcampus.net/university/jeju-national-university?lang=en
s00000023579001,https://krcampus.net/university/jeju-national-university_ja
s00000023579001,https://krcampus.net/university/jeju-national-university_ja?lang=en
s00000023579001,https://krcampus.net/university/jeonbuk-national-university
s00000023579001,https://krcampus.net/university/jeonbuk-national-university?lang=en
s00000023579001,https://krcampus.net/university/jeonbuk-national-university_ja
s00000023579001,https://krcampus.net/university/jeonbuk-national-university_ja?lang=en
s00000023579001,https://krcampus.net/university/jeonju-university
s00000023579001,https://krcampus.net/university/jeonju-university?lang=en
s00000023579001,https://krcampus.net/university/kaist-korea-advanced-institute-of-science-and-technology
s00000023579001,https://krcampus.net/university/kaist-korea-advanced-institute-of-science-and-technology?lang=en
s00000023579001,https://krcampus.net/university/kaist-korea-advanced-institute-of-science-and-technology_ja
s00000023579001,https://krcampus.net/university/kaist-korea-advanced-institute-of-science-and-technology_ja?lang=en
s00000023579001,https://krcampus.net/university/kangwon-national-university
s00000023579001,https://krcampus.net/university/kangwon-national-university?lang=en
s00000023579001,https://krcampus.net/university/kangwon-national-university_ja
s00000023579001,https://krcampus.net/university/kangwon-national-university_ja?lang=en
s00000023579001,https://krcampus.net/university/konkuk-university
s00000023579001,https://krcampus.net/university/konkuk-university?lang=en
s00000023579001,https://krcampus.net/university/konkuk-university_ja
s00000023579001,https://krcampus.net/university/konkuk-university_ja?lang=en
s00000023579001,https://krcampus.net/university/kookmin-university
s00000023579001,https://krcampus.net/university/kookmin-university?lang=en
s00000023579001,https://krcampus.net/university/kookmin-university_ja
s00000023579001,https://krcampus.net/university/kookmin-university_ja?lang=en
s00000023579001,https://krcampus.net/university/korea-aerospace-university
s00000023579001,https://krcampus.net/university/korea-aerospace-university?lang=en
s00000023579001,https://krcampus.net/university/korea-aerospace-university_ja
s00000023579001,https://krcampus.net/university/korea-aerospace-university_ja?lang=en
s00000023579001,https://krcampus.net/university/korea-national-open-university
s00000023579001,https://krcampus.net/university/korea-national-open-university?lang=en
s00000023579001,https://krcampus.net/university/korea-national-open-university_ja
s00000023579001,https://krcampus.net/university/korea-national-open-university_ja?lang=en
s00000023579001,https://krcampus.net/university/korea-national-sport-university
s00000023579001,https://krcampus.net/university/korea-national-sport-university?lang=en
s00000023579001,https://krcampus.net/university/korea-national-sport-university_ja
s00000023579001,https://krcampus.net/university/korea-national-sport-university_ja?lang=en
s00000023579001,https://krcampus.net/university/korea-national-university-of-arts
s00000023579001,https://krcampus.net/university/korea-national-university-of-arts?lang=en
s00000023579001,https://krcampus.net/university/korea-national-university-of-arts_ja
s00000023579001,https://krcampus.net/university/korea-national-university-of-arts_ja?lang=en
s00000023579001,https://krcampus.net/university/korea-national-university-of-transportation
s00000023579001,https://krcampus.net/university/korea-national-university-of-transportation?lang=en
s00000023579001,https://krcampus.net/university/korea-national-university-of-transportation_ja
s00000023579001,https://krcampus.net/university/korea-national-university-of-transportation_ja?lang=en
s00000023579001,https://krcampus.net/university/korea-university
s00000023579001,https://krcampus.net/university/korea-university-of-technology-and-education
s00000023579001,https://krcampus.net/university/korea-university-of-technology-and-education?lang=en
s00000023579001,https://krcampus.net/university/korea-university-of-technology-and-education_ja
s00000023579001,https://krcampus.net/university/korea-university-of-technology-and-education_ja?lang=en
s00000023579001,https://krcampus.net/university/korea-university-sejong-campus
s00000023579001,https://krcampus.net/university/korea-university-sejong-campus?lang=en
s00000023579001,https://krcampus.net/university/korea-university?lang=en
s00000023579001,https://krcampus.net/university/korea-university_ja
s00000023579001,https://krcampus.net/university/korea-university_ja?lang=en
s00000023579001,https://krcampus.net/university/kumoh-national-institute-of-technology
s00000023579001,https://krcampus.net/university/kumoh-national-institute-of-technology?lang=en
s00000023579001,https://krcampus.net/university/kwangwoon-university
s00000023579001,https://krcampus.net/university/kwangwoon-university?lang=en
s00000023579001,https://krcampus.net/university/kwangwoon-university_ja
s00000023579001,https://krcampus.net/university/kwangwoon-university_ja?lang=en
s00000023579001,https://krcampus.net/university/kyung-hee-university
s00000023579001,https://krcampus.net/university/kyung-hee-university?lang=en
s00000023579001,https://krcampus.net/university/kyung-hee-university_ja
s00000023579001,https://krcampus.net/university/kyung-hee-university_ja?lang=en
s00000023579001,https://krcampus.net/university/kyungpook-national-university
s00000023579001,https://krcampus.net/university/kyungpook-national-university?lang=en
s00000023579001,https://krcampus.net/university/kyungpook-national-university_ja
s00000023579001,https://krcampus.net/university/kyungpook-national-university_ja?lang=en
s00000023579001,https://krcampus.net/university/kyungsung-university
s00000023579001,https://krcampus.net/university/kyungsung-university?lang=en
s00000023579001,https://krcampus.net/university/mokpo-national-university
s00000023579001,https://krcampus.net/university/mokpo-national-university?lang=en
s00000023579001,https://krcampus.net/university/myongji-university
s00000023579001,https://krcampus.net/university/myongji-university?lang=en
s00000023579001,https://krcampus.net/university/myongji-university_ja
s00000023579001,https://krcampus.net/university/myongji-university_ja?lang=en
s00000023579001,https://krcampus.net/university/namseoul-university-korean-language-institute
s00000023579001,https://krcampus.net/university/namseoul-university-korean-language-institute?lang=en
s00000023579001,https://krcampus.net/university/pohang-university-of-science-and-technology
s00000023579001,https://krcampus.net/university/pohang-university-of-science-and-technology?lang=en
s00000023579001,https://krcampus.net/university/postech-pohang-university-of-science-and-technology
s00000023579001,https://krcampus.net/university/postech-pohang-university-of-science-and-technology?lang=en
s00000023579001,https://krcampus.net/university/postech-pohang-university-of-science-and-technology_ja
s00000023579001,https://krcampus.net/university/postech-pohang-university-of-science-and-technology_ja?lang=en
s00000023579001,https://krcampus.net/university/pukyong-national-university
s00000023579001,https://krcampus.net/university/pukyong-national-university?lang=en
s00000023579001,https://krcampus.net/university/pusan-national-university
s00000023579001,https://krcampus.net/university/pusan-national-university?lang=en
s00000023579001,https://krcampus.net/university/pusan-national-university_ja
s00000023579001,https://krcampus.net/university/pusan-national-university_ja?lang=en
s00000023579001,https://krcampus.net/university/sahmyook-university
s00000023579001,https://krcampus.net/university/sahmyook-university?lang=en
s00000023579001,https://krcampus.net/university/sangmyung-university
s00000023579001,https://krcampus.net/university/sangmyung-university?lang=en
s00000023579001,https://krcampus.net/university/sangmyung-university_ja
s00000023579001,https://krcampus.net/university/sangmyung-university_ja?lang=en
s00000023579001,https://krcampus.net/university/sejong-university
s00000023579001,https://krcampus.net/university/sejong-university?lang=en
s00000023579001,https://krcampus.net/university/sejong-university_ja
s00000023579001,https://krcampus.net/university/sejong-university_ja?lang=en
s00000023579001,https://krcampus.net/university/semyung-university-korean-language-institute
s00000023579001,https://krcampus.net/university/semyung-university-korean-language-institute?lang=en
s00000023579001,https://krcampus.net/university/seoul-national-university
s00000023579001,https://krcampus.net/university/seoul-national-university?lang=en
s00000023579001,https://krcampus.net/university/seoul-national-university_ja
s00000023579001,https://krcampus.net/university/seoul-national-university_ja?lang=en
s00000023579001,https://krcampus.net/university/seoul-womens-university
s00000023579001,https://krcampus.net/university/seoul-womens-university?lang=en
s00000023579001,https://krcampus.net/university/sogang-university
s00000023579001,https://krcampus.net/university/sogang-university?lang=en
s00000023579001,https://krcampus.net/university/sogang-university_ja
s00000023579001,https://krcampus.net/university/sogang-university_ja?lang=en
s00000023579001,https://krcampus.net/university/sookmyung-womens-university
s00000023579001,https://krcampus.net/university/sookmyung-womens-university?lang=en
s00000023579001,https://krcampus.net/university/sookmyung-womens-university_ja
s00000023579001,https://krcampus.net/university/sookmyung-womens-university_ja?lang=en
s00000023579001,https://krcampus.net/university/soonchunhyang-university
s00000023579001,https://krcampus.net/university/soonchunhyang-university?lang=en
s00000023579001,https://krcampus.net/university/soongsil-university
s00000023579001,https://krcampus.net/university/soongsil-university?lang=en
s00000023579001,https://krcampus.net/university/soongsil-university_ja
s00000023579001,https://krcampus.net/university/soongsil-university_ja?lang=en
s00000023579001,https://krcampus.net/university/sunchon-national-university
s00000023579001,https://krcampus.net/university/sunchon-national-university?lang=en
s00000023579001,https://krcampus.net/university/sungkyunkwan-university
s00000023579001,https://krcampus.net/university/sungkyunkwan-university?lang=en
s00000023579001,https://krcampus.net/university/sungkyunkwan-university_ja
s00000023579001,https://krcampus.net/university/sungkyunkwan-university_ja?lang=en
s00000023579001,https://krcampus.net/university/unist-ulsan-national-institute-of-science-and-technology
s00000023579001,https://krcampus.net/university/unist-ulsan-national-institute-of-science-and-technology?lang=en
s00000023579001,https://krcampus.net/university/unist-ulsan-national-institute-of-science-and-technology_ja
s00000023579001,https://krcampus.net/university/unist-ulsan-national-institute-of-science-and-technology_ja?lang=en
s00000023579001,https://krcampus.net/university/university-of-seoul
s00000023579001,https://krcampus.net/university/university-of-seoul?lang=en
s00000023579001,https://krcampus.net/university/university-of-seoul_ja
s00000023579001,https://krcampus.net/university/university-of-seoul_ja?lang=en
s00000023579001,https://krcampus.net/university/woosong-university-korean-language-institute
s00000023579001,https://krcampus.net/university/woosong-university-korean-language-institute?lang=en
s00000023579001,https://krcampus.net/university/yeungnam-university
s00000023579001,https://krcampus.net/university/yeungnam-university?lang=en
s00000023579001,https://krcampus.net/university/yonsei-university
s00000023579001,https://krcampus.net/university/yonsei-university-wonju-campus
s00000023579001,https://krcampus.net/university/yonsei-university-wonju-campus?lang=en
s00000023579001,https://krcampus.net/university/yonsei-university?lang=en
s00000023579001,https://krcampus.net/university/yonsei-university_ja
s00000023579001,https://krcampus.net/university/yonsei-university_ja?lang=en
s00000023579001,https://krcampus.net/university/youngsan-university
s00000023579001,https://krcampus.net/university/youngsan-university?lang=en
s00000023579001,https://krcampus.net/university/youngsan-university_ja
s00000023579001,https://krcampus.net/university/youngsan-university_ja?lang=en
s00000023579001,https://krcare.net/guide/aftercare_flight_en
s00000023579001,https://krcare.net/guide/aftercare_flight_en?lang=ko
s00000023579001,https://krcare.net/guide/aftercare_flight_ja
s00000023579001,https://krcare.net/guide/aftercare_flight_ja?lang=ko
s00000023579001,https://krcare.net/guide/aftercare_flight_zh
s00000023579001,https://krcare.net/guide/aftercare_flight_zh?lang=ko
s00000023579001,https://krcare.net/guide/aftercare_flight_zh_tw
s00000023579001,https://krcare.net/guide/aftercare_flight_zh_tw?lang=ko
s00000023579001,https://krcare.net/guide/busan_medical_en
s00000023579001,https://krcare.net/guide/busan_medical_en?lang=ko
s00000023579001,https://krcare.net/guide/busan_medical_ja
s00000023579001,https://krcare.net/guide/busan_medical_ja?lang=ko
s00000023579001,https://krcare.net/guide/busan_medical_zh
s00000023579001,https://krcare.net/guide/busan_medical_zh?lang=ko
s00000023579001,https://krcare.net/guide/busan_medical_zh_tw
s00000023579001,https://krcare.net/guide/busan_medical_zh_tw?lang=ko
s00000023579001,https://krcare.net/guide/consultation_questions_en
s00000023579001,https://krcare.net/guide/consultation_questions_en?lang=ko
s00000023579001,https://krcare.net/guide/consultation_questions_ja
s00000023579001,https://krcare.net/guide/consultation_questions_ja?lang=ko
s00000023579001,https://krcare.net/guide/consultation_questions_zh
s00000023579001,https://krcare.net/guide/consultation_questions_zh?lang=ko
s00000023579001,https://krcare.net/guide/consultation_questions_zh_tw
s00000023579001,https://krcare.net/guide/consultation_questions_zh_tw?lang=ko
s00000023579001,https://krcare.net/guide/deposit_refund_en
s00000023579001,https://krcare.net/guide/deposit_refund_en?lang=ko
s00000023579001,https://krcare.net/guide/deposit_refund_ja
s00000023579001,https://krcare.net/guide/deposit_refund_ja?lang=ko
s00000023579001,https://krcare.net/guide/deposit_refund_zh
s00000023579001,https://krcare.net/guide/deposit_refund_zh?lang=ko
s00000023579001,https://krcare.net/guide/deposit_refund_zh_tw
s00000023579001,https://krcare.net/guide/deposit_refund_zh_tw?lang=ko
s00000023579001,https://krcare.net/guide/gangnam_access_en
s00000023579001,https://krcare.net/guide/gangnam_access_en?lang=ko
s00000023579001,https://krcare.net/guide/gangnam_access_ja
s00000023579001,https://krcare.net/guide/gangnam_access_ja?lang=ko
s00000023579001,https://krcare.net/guide/gangnam_access_zh
s00000023579001,https://krcare.net/guide/gangnam_access_zh?lang=ko
s00000023579001,https://krcare.net/guide/gangnam_access_zh_tw
s00000023579001,https://krcare.net/guide/gangnam_access_zh_tw?lang=ko
s00000023579001,https://krcare.net/guide/gangnam_clinics_en
s00000023579001,https://krcare.net/guide/gangnam_clinics_en?lang=ko
s00000023579001,https://krcare.net/guide/gangnam_clinics_ja
s00000023579001,https://krcare.net/guide/gangnam_clinics_ja?lang=ko
s00000023579001,https://krcare.net/guide/gangnam_clinics_zh
s00000023579001,https://krcare.net/guide/gangnam_clinics_zh?lang=ko
s00000023579001,https://krcare.net/guide/gangnam_clinics_zh_tw
s00000023579001,https://krcare.net/guide/gangnam_clinics_zh_tw?lang=ko
s00000023579001,https://krcare.net/guide/medical_interpreter_en
s00000023579001,https://krcare.net/guide/medical_interpreter_en?lang=ko
s00000023579001,https://krcare.net/guide/medical_interpreter_ja
s00000023579001,https://krcare.net/guide/medical_interpreter_ja?lang=ko
s00000023579001,https://krcare.net/guide/medical_interpreter_zh
s00000023579001,https://krcare.net/guide/medical_interpreter_zh?lang=ko
s00000023579001,https://krcare.net/guide/medical_interpreter_zh_tw
s00000023579001,https://krcare.net/guide/medical_interpreter_zh_tw?lang=ko
s00000023579001,https://krcare.net/guide/medical_prep_en
s00000023579001,https://krcare.net/guide/medical_prep_en?lang=ko
s00000023579001,https://krcare.net/guide/medical_prep_ja
s00000023579001,https://krcare.net/guide/medical_prep_ja?lang=ko
s00000023579001,https://krcare.net/guide/medical_prep_zh
s00000023579001,https://krcare.net/guide/medical_prep_zh?lang=ko
s00000023579001,https://krcare.net/guide/medical_prep_zh_tw
s00000023579001,https://krcare.net/guide/medical_prep_zh_tw?lang=ko
s00000023579001,https://krcare.net/guide/medical_visa_stay_en
s00000023579001,https://krcare.net/guide/medical_visa_stay_en?lang=ko
s00000023579001,https://krcare.net/guide/medical_visa_stay_ja
s00000023579001,https://krcare.net/guide/medical_visa_stay_ja?lang=ko
s00000023579001,https://krcare.net/guide/medical_visa_stay_zh
s00000023579001,https://krcare.net/guide/medical_visa_stay_zh?lang=ko
s00000023579001,https://krcare.net/guide/medical_visa_stay_zh_tw
s00000023579001,https://krcare.net/guide/medical_visa_stay_zh_tw?lang=ko
s00000023579001,https://krcare.net/guide/pharmacy_meds_en
s00000023579001,https://krcare.net/guide/pharmacy_meds_en?lang=ko
s00000023579001,https://krcare.net/guide/pharmacy_meds_ja
s00000023579001,https://krcare.net/guide/pharmacy_meds_ja?lang=ko
s00000023579001,https://krcare.net/guide/pharmacy_meds_zh
s00000023579001,https://krcare.net/guide/pharmacy_meds_zh?lang=ko
s00000023579001,https://krcare.net/guide/pharmacy_meds_zh_tw
s00000023579001,https://krcare.net/guide/pharmacy_meds_zh_tw?lang=ko
s00000023579001,https://krcare.net/guide/recovery_stay_en
s00000023579001,https://krcare.net/guide/recovery_stay_en?lang=ko
s00000023579001,https://krcare.net/guide/recovery_stay_ja
s00000023579001,https://krcare.net/guide/recovery_stay_ja?lang=ko
s00000023579001,https://krcare.net/guide/recovery_stay_zh
s00000023579001,https://krcare.net/guide/recovery_stay_zh?lang=ko
s00000023579001,https://krcare.net/guide/recovery_stay_zh_tw
s00000023579001,https://krcare.net/guide/recovery_stay_zh_tw?lang=ko
s00000023579001,https://krcare.net/guide/seoul_vs_busan_medical_en
s00000023579001,https://krcare.net/guide/seoul_vs_busan_medical_en?lang=ko
s00000023579001,https://krcare.net/guide/seoul_vs_busan_medical_ja
s00000023579001,https://krcare.net/guide/seoul_vs_busan_medical_ja?lang=ko
s00000023579001,https://krcare.net/guide/seoul_vs_busan_medical_zh
s00000023579001,https://krcare.net/guide/seoul_vs_busan_medical_zh?lang=ko
s00000023579001,https://krcare.net/guide/seoul_vs_busan_medical_zh_tw
s00000023579001,https://krcare.net/guide/seoul_vs_busan_medical_zh_tw?lang=ko
s00000023579001,https://krcare.net/item/mdcl_3364075_en
s00000023579001,https://krcare.net/item/mdcl_3364075_en?lang=ko
s00000023579001,https://krcare.net/item/mdcl_3364075_ja
s00000023579001,https://krcare.net/item/mdcl_3364075_ja?lang=ko
s00000023579001,https://krcare.net/item/mdcl_3364075_zh
s00000023579001,https://krcare.net/item/mdcl_3364075_zh?lang=ko
s00000023579001,https://krcare.net/item/mdcl_3364075_zh_tw
s00000023579001,https://krcare.net/item/mdcl_3364075_zh_tw?lang=ko
s00000023579001,https://krcare.net/item/mdcl_3364076_en
s00000023579001,https://krcare.net/item/mdcl_3364076_en?lang=ko
s00000023579001,https://krcare.net/item/mdcl_3364076_ja
s00000023579001,https://krcare.net/item/mdcl_3364076_ja?lang=ko
s00000023579001,https://krcare.net/item/mdcl_3364076_zh
s00000023579001,https://krcare.net/item/mdcl_3364076_zh?lang=ko
s00000023579001,https://krcare.net/item/mdcl_3364076_zh_tw
s00000023579001,https://krcare.net/item/mdcl_3364076_zh_tw?lang=ko
s00000023579001,https://krcare.net/item/mdcl_3364152_en
s00000023579001,https://krcare.net/item/mdcl_3364152_en?lang=ko
s00000023579001,https://krcare.net/item/mdcl_3364152_ja
s00000023579001,https://krcare.net/item/mdcl_3364152_ja?lang=ko
s00000023579001,https://krcare.net/item/mdcl_3364152_zh
s00000023579001,https://krcare.net/item/mdcl_3364152_zh?lang=ko
s00000023579001,https://krcare.net/item/mdcl_3364152_zh_tw
s00000023579001,https://krcare.net/item/mdcl_3364152_zh_tw?lang=ko
s00000023579001,https://krcare.net/item/mdcl_3364207_en
s00000023579001,https://krcare.net/item/mdcl_3364207_en?lang=ko
s00000023579001,https://krcare.net/item/mdcl_3364207_ja
s00000023579001,https://krcare.net/item/mdcl_3364207_ja?lang=ko
s00000023579001,https://krcare.net/item/mdcl_3364207_zh
s00000023579001,https://krcare.net/item/mdcl_3364207_zh?lang=ko
s00000023579001,https://krcare.net/item/mdcl_3364207_zh_tw
s00000023579001,https://krcare.net/item/mdcl_3364207_zh_tw?lang=ko
s00000023579001,https://krcare.net/item/mdcl_3364330_en
s00000023579001,https://krcare.net/item/mdcl_3364330_en?lang=ko
s00000023579001,https://krcare.net/item/mdcl_3364330_ja
s00000023579001,https://krcare.net/item/mdcl_3364330_ja?lang=ko
s00000023579001,https://krcare.net/item/mdcl_3364330_zh
s00000023579001,https://krcare.net/item/mdcl_3364330_zh?lang=ko
s00000023579001,https://krcare.net/item/mdcl_3364330_zh_tw
s00000023579001,https://krcare.net/item/mdcl_3364330_zh_tw?lang=ko
s00000023579001,https://krcare.net/item/mdcl_3364333_en
s00000023579001,https://krcare.net/item/mdcl_3364333_en?lang=ko
s00000023579001,https://krcare.net/item/mdcl_3364333_ja
s00000023579001,https://krcare.net/item/mdcl_3364333_ja?lang=ko
s00000023579001,https://krcare.net/item/mdcl_3364333_zh
s00000023579001,https://krcare.net/item/mdcl_3364333_zh?lang=ko
s00000023579001,https://krcare.net/item/mdcl_3364333_zh_tw
s00000023579001,https://krcare.net/item/mdcl_3364333_zh_tw?lang=ko
s00000023579001,https://krcare.net/item/mdcl_3364369_en
s00000023579001,https://krcare.net/item/mdcl_3364369_en?lang=ko
s00000023579001,https://krcare.net/item/mdcl_3364369_ja
s00000023579001,https://krcare.net/item/mdcl_3364369_ja?lang=ko
s00000023579001,https://krcare.net/item/mdcl_3364369_zh
s00000023579001,https://krcare.net/item/mdcl_3364369_zh?lang=ko
s00000023579001,https://krcare.net/item/mdcl_3364369_zh_tw
s00000023579001,https://krcare.net/item/mdcl_3364369_zh_tw?lang=ko
s00000023579001,https://krcare.net/item/mdcl_3364450_en
s00000023579001,https://krcare.net/item/mdcl_3364450_en?lang=ko
s00000023579001,https://krcare.net/item/mdcl_3364450_ja
s00000023579001,https://krcare.net/item/mdcl_3364450_ja?lang=ko
s00000023579001,https://krcare.net/item/mdcl_3364450_zh
s00000023579001,https://krcare.net/item/mdcl_3364450_zh?lang=ko
s00000023579001,https://krcare.net/item/mdcl_3364450_zh_tw
s00000023579001,https://krcare.net/item/mdcl_3364450_zh_tw?lang=ko
s00000023579001,https://krcare.net/item/mdcl_3364481_en
s00000023579001,https://krcare.net/item/mdcl_3364481_en?lang=ko
s00000023579001,https://krcare.net/item/mdcl_3364481_ja
s00000023579001,https://krcare.net/item/mdcl_3364481_ja?lang=ko
s00000023579001,https://krcare.net/item/mdcl_3364481_zh
s00000023579001,https://krcare.net/item/mdcl_3364481_zh?lang=ko
s00000023579001,https://krcare.net/item/mdcl_3364481_zh_tw
s00000023579001,https://krcare.net/item/mdcl_3364481_zh_tw?lang=ko
s00000023579001,https://krcare.net/item/mdcl_3364495_en
s00000023579001,https://krcare.net/item/mdcl_3364495_en?lang=ko
s00000023579001,https://krcare.net/item/mdcl_3364495_ja
s00000023579001,https://krcare.net/item/mdcl_3364495_ja?lang=ko
s00000023579001,https://krcare.net/item/mdcl_3364495_zh
s00000023579001,https://krcare.net/item/mdcl_3364495_zh?lang=ko
s00000023579001,https://krcare.net/item/mdcl_3364495_zh_tw
s00000023579001,https://krcare.net/item/mdcl_3364495_zh_tw?lang=ko
s00000023579001,https://krcare.net/item/mdcl_3364564_en
s00000023579001,https://krcare.net/item/mdcl_3364564_en?lang=ko
s00000023579001,https://krcare.net/item/mdcl_3364564_ja
s00000023579001,https://krcare.net/item/mdcl_3364564_ja?lang=ko
s00000023579001,https://krcare.net/item/mdcl_3364564_zh
s00000023579001,https://krcare.net/item/mdcl_3364564_zh?lang=ko
s00000023579001,https://krcare.net/item/mdcl_3364564_zh_tw
s00000023579001,https://krcare.net/item/mdcl_3364564_zh_tw?lang=ko
s00000023579001,https://krcare.net/item/mdcl_3364565_en
s00000023579001,https://krcare.net/item/mdcl_3364565_en?lang=ko
s00000023579001,https://krcare.net/item/mdcl_3364565_ja
s00000023579001,https://krcare.net/item/mdcl_3364565_ja?lang=ko
s00000023579001,https://krcare.net/item/mdcl_3364565_zh
s00000023579001,https://krcare.net/item/mdcl_3364565_zh?lang=ko
s00000023579001,https://krcare.net/item/mdcl_3364565_zh_tw
s00000023579001,https://krcare.net/item/mdcl_3364565_zh_tw?lang=ko
s00000023579001,https://krcare.net/item/mdcl_3364566_en
s00000023579001,https://krcare.net/item/mdcl_3364566_en?lang=ko
s00000023579001,https://krcare.net/item/mdcl_3364566_ja
s00000023579001,https://krcare.net/item/mdcl_3364566_ja?lang=ko
s00000023579001,https://krcare.net/item/mdcl_3364566_zh
s00000023579001,https://krcare.net/item/mdcl_3364566_zh?lang=ko
s00000023579001,https://krcare.net/item/mdcl_3364566_zh_tw
s00000023579001,https://krcare.net/item/mdcl_3364566_zh_tw?lang=ko
s00000023579001,https://krcare.net/item/mdcl_3364569_en
s00000023579001,https://krcare.net/item/mdcl_3364569_en?lang=ko
s00000023579001,https://krcare.net/item/mdcl_3364569_ja
s00000023579001,https://krcare.net/item/mdcl_3364569_ja?lang=ko
s00000023579001,https://krcare.net/item/mdcl_3364569_zh
s00000023579001,https://krcare.net/item/mdcl_3364569_zh?lang=ko
s00000023579001,https://krcare.net/item/mdcl_3364569_zh_tw
s00000023579001,https://krcare.net/item/mdcl_3364569_zh_tw?lang=ko
s00000023579001,https://krcare.net/item/mdcl_3364584_en
s00000023579001,https://krcare.net/item/mdcl_3364584_en?lang=ko
s00000023579001,https://krcare.net/item/mdcl_3364584_ja
s00000023579001,https://krcare.net/item/mdcl_3364584_ja?lang=ko
s00000023579001,https://krcare.net/item/mdcl_3364584_zh
s00000023579001,https://krcare.net/item/mdcl_3364584_zh?lang=ko
s00000023579001,https://krcare.net/item/mdcl_3364584_zh_tw
s00000023579001,https://krcare.net/item/mdcl_3364584_zh_tw?lang=ko
s00000023579001,https://krcare.net/item/mdcl_3364592_en
s00000023579001,https://krcare.net/item/mdcl_3364592_en?lang=ko
s00000023579001,https://krcare.net/item/mdcl_3364592_ja
s00000023579001,https://krcare.net/item/mdcl_3364592_ja?lang=ko
s00000023579001,https://krcare.net/item/mdcl_3364592_zh
s00000023579001,https://krcare.net/item/mdcl_3364592_zh?lang=ko
s00000023579001,https://krcare.net/item/mdcl_3364592_zh_tw
s00000023579001,https://krcare.net/item/mdcl_3364592_zh_tw?lang=ko
s00000023579001,https://krcare.net/item/mdcl_3364593_en
s00000023579001,https://krcare.net/item/mdcl_3364593_en?lang=ko
s00000023579001,https://krcare.net/item/mdcl_3364593_ja
s00000023579001,https://krcare.net/item/mdcl_3364593_ja?lang=ko
s00000023579001,https://krcare.net/item/mdcl_3364593_zh
s00000023579001,https://krcare.net/item/mdcl_3364593_zh?lang=ko
s00000023579001,https://krcare.net/item/mdcl_3364593_zh_tw
s00000023579001,https://krcare.net/item/mdcl_3364593_zh_tw?lang=ko
s00000023579001,https://krcare.net/item/mdcl_3364596_en
s00000023579001,https://krcare.net/item/mdcl_3364596_en?lang=ko
s00000023579001,https://krcare.net/item/mdcl_3364596_ja
s00000023579001,https://krcare.net/item/mdcl_3364596_ja?lang=ko
s00000023579001,https://krcare.net/item/mdcl_3364596_zh
s00000023579001,https://krcare.net/item/mdcl_3364596_zh?lang=ko
s00000023579001,https://krcare.net/item/mdcl_3364596_zh_tw
s00000023579001,https://krcare.net/item/mdcl_3364596_zh_tw?lang=ko
s00000023579001,https://krcare.net/item/mdcl_3364606_en
s00000023579001,https://krcare.net/item/mdcl_3364606_en?lang=ko
s00000023579001,https://krcare.net/item/mdcl_3364606_ja
s00000023579001,https://krcare.net/item/mdcl_3364606_ja?lang=ko
s00000023579001,https://krcare.net/item/mdcl_3364606_zh
s00000023579001,https://krcare.net/item/mdcl_3364606_zh?lang=ko
s00000023579001,https://krcare.net/item/mdcl_3364606_zh_tw
s00000023579001,https://krcare.net/item/mdcl_3364606_zh_tw?lang=ko
s00000023579001,https://krcare.net/item/mdcl_3364607_en
s00000023579001,https://krcare.net/item/mdcl_3364607_en?lang=ko
s00000023579001,https://krcare.net/item/mdcl_3364607_ja
s00000023579001,https://krcare.net/item/mdcl_3364607_ja?lang=ko
s00000023579001,https://krcare.net/item/mdcl_3364607_zh
s00000023579001,https://krcare.net/item/mdcl_3364607_zh?lang=ko
s00000023579001,https://krcare.net/item/mdcl_3364607_zh_tw
s00000023579001,https://krcare.net/item/mdcl_3364607_zh_tw?lang=ko
s00000023579001,https://krcare.net/item/mdcl_3364611_en
s00000023579001,https://krcare.net/item/mdcl_3364611_en?lang=ko
s00000023579001,https://krcare.net/item/mdcl_3364611_ja
s00000023579001,https://krcare.net/item/mdcl_3364611_ja?lang=ko
s00000023579001,https://krcare.net/item/mdcl_3364611_zh
s00000023579001,https://krcare.net/item/mdcl_3364611_zh?lang=ko
s00000023579001,https://krcare.net/item/mdcl_3364611_zh_tw
s00000023579001,https://krcare.net/item/mdcl_3364611_zh_tw?lang=ko
s00000023579001,https://krcare.net/item/mdcl_3364619_en
s00000023579001,https://krcare.net/item/mdcl_3364619_en?lang=ko
s00000023579001,https://krcare.net/item/mdcl_3364619_ja
s00000023579001,https://krcare.net/item/mdcl_3364619_ja?lang=ko
s00000023579001,https://krcare.net/item/mdcl_3364619_zh
s00000023579001,https://krcare.net/item/mdcl_3364619_zh?lang=ko
s00000023579001,https://krcare.net/item/mdcl_3364619_zh_tw
s00000023579001,https://krcare.net/item/mdcl_3364619_zh_tw?lang=ko
s00000023579001,https://krcare.net/item/mdcl_3364621_en
s00000023579001,https://krcare.net/item/mdcl_3364621_en?lang=ko
s00000023579001,https://krcare.net/item/mdcl_3364621_ja
s00000023579001,https://krcare.net/item/mdcl_3364621_ja?lang=ko
s00000023579001,https://krcare.net/item/mdcl_3364621_zh
s00000023579001,https://krcare.net/item/mdcl_3364621_zh?lang=ko
s00000023579001,https://krcare.net/item/mdcl_3364621_zh_tw
s00000023579001,https://krcare.net/item/mdcl_3364621_zh_tw?lang=ko
s00000023579001,https://krcare.net/item/mdcl_3364622_en
s00000023579001,https://krcare.net/item/mdcl_3364622_en?lang=ko
s00000023579001,https://krcare.net/item/mdcl_3364622_ja
s00000023579001,https://krcare.net/item/mdcl_3364622_ja?lang=ko
s00000023579001,https://krcare.net/item/mdcl_3364622_zh
s00000023579001,https://krcare.net/item/mdcl_3364622_zh?lang=ko
s00000023579001,https://krcare.net/item/mdcl_3364622_zh_tw
s00000023579001,https://krcare.net/item/mdcl_3364622_zh_tw?lang=ko
s00000023579001,https://krcare.net/item/mdcl_3364624_en
s00000023579001,https://krcare.net/item/mdcl_3364624_en?lang=ko
s00000023579001,https://krcare.net/item/mdcl_3364624_ja
s00000023579001,https://krcare.net/item/mdcl_3364624_ja?lang=ko
s00000023579001,https://krcare.net/item/mdcl_3364624_zh
s00000023579001,https://krcare.net/item/mdcl_3364624_zh?lang=ko
s00000023579001,https://krcare.net/item/mdcl_3364624_zh_tw
s00000023579001,https://krcare.net/item/mdcl_3364624_zh_tw?lang=ko
s00000023579001,https://krcare.net/item/mdcl_3364627_en
s00000023579001,https://krcare.net/item/mdcl_3364627_en?lang=ko
s00000023579001,https://krcare.net/item/mdcl_3364627_ja
s00000023579001,https://krcare.net/item/mdcl_3364627_ja?lang=ko
s00000023579001,https://krcare.net/item/mdcl_3364627_zh
s00000023579001,https://krcare.net/item/mdcl_3364627_zh?lang=ko
s00000023579001,https://krcare.net/item/mdcl_3364627_zh_tw
s00000023579001,https://krcare.net/item/mdcl_3364627_zh_tw?lang=ko
s00000023579001,https://krcare.net/item/mdcl_3364641_en
s00000023579001,https://krcare.net/item/mdcl_3364641_en?lang=ko
s00000023579001,https://krcare.net/item/mdcl_3364641_ja
s00000023579001,https://krcare.net/item/mdcl_3364641_ja?lang=ko
s00000023579001,https://krcare.net/item/mdcl_3364641_zh
s00000023579001,https://krcare.net/item/mdcl_3364641_zh?lang=ko
s00000023579001,https://krcare.net/item/mdcl_3364641_zh_tw
s00000023579001,https://krcare.net/item/mdcl_3364641_zh_tw?lang=ko
s00000023579001,https://krcare.net/item/mdcl_3364644_en
s00000023579001,https://krcare.net/item/mdcl_3364644_en?lang=ko
s00000023579001,https://krcare.net/item/mdcl_3364644_ja
s00000023579001,https://krcare.net/item/mdcl_3364644_ja?lang=ko
s00000023579001,https://krcare.net/item/mdcl_3364644_zh
s00000023579001,https://krcare.net/item/mdcl_3364644_zh?lang=ko
s00000023579001,https://krcare.net/item/mdcl_3364644_zh_tw
s00000023579001,https://krcare.net/item/mdcl_3364644_zh_tw?lang=ko
s00000023579001,https://krcare.net/item/mdcl_3364645_en
s00000023579001,https://krcare.net/item/mdcl_3364645_en?lang=ko
s00000023579001,https://krcare.net/item/mdcl_3364645_ja
s00000023579001,https://krcare.net/item/mdcl_3364645_ja?lang=ko
s00000023579001,https://krcare.net/item/mdcl_3364645_zh
s00000023579001,https://krcare.net/item/mdcl_3364645_zh?lang=ko
s00000023579001,https://krcare.net/item/mdcl_3364645_zh_tw
s00000023579001,https://krcare.net/item/mdcl_3364645_zh_tw?lang=ko
s00000023579001,https://krcare.net/item/mdcl_3364647_en
s00000023579001,https://krcare.net/item/mdcl_3364647_en?lang=ko
s00000023579001,https://krcare.net/item/mdcl_3364647_ja
s00000023579001,https://krcare.net/item/mdcl_3364647_ja?lang=ko
s00000023579001,https://krcare.net/item/mdcl_3364647_zh
s00000023579001,https://krcare.net/item/mdcl_3364647_zh?lang=ko
s00000023579001,https://krcare.net/item/mdcl_3364647_zh_tw
s00000023579001,https://krcare.net/item/mdcl_3364647_zh_tw?lang=ko
s00000023579001,https://krcare.net/item/mdcl_3364662_en
s00000023579001,https://krcare.net/item/mdcl_3364662_en?lang=ko
s00000023579001,https://krcare.net/item/mdcl_3364662_ja
s00000023579001,https://krcare.net/item/mdcl_3364662_ja?lang=ko
s00000023579001,https://krcare.net/item/mdcl_3364662_zh
s00000023579001,https://krcare.net/item/mdcl_3364662_zh?lang=ko
s00000023579001,https://krcare.net/item/mdcl_3364662_zh_tw
s00000023579001,https://krcare.net/item/mdcl_3364662_zh_tw?lang=ko
s00000023579001,https://krcare.net/item/mdcl_3364664_en
s00000023579001,https://krcare.net/item/mdcl_3364664_en?lang=ko
s00000023579001,https://krcare.net/item/mdcl_3364664_ja
s00000023579001,https://krcare.net/item/mdcl_3364664_ja?lang=ko
s00000023579001,https://krcare.net/item/mdcl_3364664_zh
s00000023579001,https://krcare.net/item/mdcl_3364664_zh?lang=ko
s00000023579001,https://krcare.net/item/mdcl_3364664_zh_tw
s00000023579001,https://krcare.net/item/mdcl_3364664_zh_tw?lang=ko
s00000023579001,https://krcare.net/item/mdcl_3364665_en
s00000023579001,https://krcare.net/item/mdcl_3364665_en?lang=ko
s00000023579001,https://krcare.net/item/mdcl_3364665_ja
s00000023579001,https://krcare.net/item/mdcl_3364665_ja?lang=ko
s00000023579001,https://krcare.net/item/mdcl_3364665_zh
s00000023579001,https://krcare.net/item/mdcl_3364665_zh?lang=ko
s00000023579001,https://krcare.net/item/mdcl_3364665_zh_tw
s00000023579001,https://krcare.net/item/mdcl_3364665_zh_tw?lang=ko
s00000023579001,https://krcare.net/item/mdcl_3364678_en
s00000023579001,https://krcare.net/item/mdcl_3364678_en?lang=ko
s00000023579001,https://krcare.net/item/mdcl_3364678_ja
s00000023579001,https://krcare.net/item/mdcl_3364678_ja?lang=ko
s00000023579001,https://krcare.net/item/mdcl_3364678_zh
s00000023579001,https://krcare.net/item/mdcl_3364678_zh?lang=ko
s00000023579001,https://krcare.net/item/mdcl_3364678_zh_tw
s00000023579001,https://krcare.net/item/mdcl_3364678_zh_tw?lang=ko
s00000023579001,https://krcare.net/item/mdcl_3364680_en
s00000023579001,https://krcare.net/item/mdcl_3364680_en?lang=ko
s00000023579001,https://krcare.net/item/mdcl_3364680_ja
s00000023579001,https://krcare.net/item/mdcl_3364680_ja?lang=ko
s00000023579001,https://krcare.net/item/mdcl_3364680_zh
s00000023579001,https://krcare.net/item/mdcl_3364680_zh?lang=ko
s00000023579001,https://krcare.net/item/mdcl_3364680_zh_tw
s00000023579001,https://krcare.net/item/mdcl_3364680_zh_tw?lang=ko
s00000023579001,https://krcare.net/item/mdcl_3364681_en
s00000023579001,https://krcare.net/item/mdcl_3364681_en?lang=ko
s00000023579001,https://krcare.net/item/mdcl_3364681_ja
s00000023579001,https://krcare.net/item/mdcl_3364681_ja?lang=ko
s00000023579001,https://krcare.net/item/mdcl_3364681_zh
s00000023579001,https://krcare.net/item/mdcl_3364681_zh?lang=ko
s00000023579001,https://krcare.net/item/mdcl_3364681_zh_tw
s00000023579001,https://krcare.net/item/mdcl_3364681_zh_tw?lang=ko
s00000023579001,https://krcare.net/item/mdcl_3364686_en
s00000023579001,https://krcare.net/item/mdcl_3364686_en?lang=ko
s00000023579001,https://krcare.net/item/mdcl_3364686_ja
s00000023579001,https://krcare.net/item/mdcl_3364686_ja?lang=ko
s00000023579001,https://krcare.net/item/mdcl_3364686_zh
s00000023579001,https://krcare.net/item/mdcl_3364686_zh?lang=ko
s00000023579001,https://krcare.net/item/mdcl_3364686_zh_tw
s00000023579001,https://krcare.net/item/mdcl_3364686_zh_tw?lang=ko
s00000023579001,https://krcare.net/item/mdcl_3364691_en
s00000023579001,https://krcare.net/item/mdcl_3364691_en?lang=ko
s00000023579001,https://krcare.net/item/mdcl_3364691_ja
s00000023579001,https://krcare.net/item/mdcl_3364691_ja?lang=ko
s00000023579001,https://krcare.net/item/mdcl_3364691_zh
s00000023579001,https://krcare.net/item/mdcl_3364691_zh?lang=ko
s00000023579001,https://krcare.net/item/mdcl_3364691_zh_tw
s00000023579001,https://krcare.net/item/mdcl_3364691_zh_tw?lang=ko
s00000023579001,https://krcare.net/item/mdcl_3364700_en
s00000023579001,https://krcare.net/item/mdcl_3364700_en?lang=ko
s00000023579001,https://krcare.net/item/mdcl_3364700_ja
s00000023579001,https://krcare.net/item/mdcl_3364700_ja?lang=ko
s00000023579001,https://krcare.net/item/mdcl_3364700_zh
s00000023579001,https://krcare.net/item/mdcl_3364700_zh?lang=ko
s00000023579001,https://krcare.net/item/mdcl_3364700_zh_tw
s00000023579001,https://krcare.net/item/mdcl_3364700_zh_tw?lang=ko
s00000023579001,https://krcare.net/item/mdcl_3364701_en
s00000023579001,https://krcare.net/item/mdcl_3364701_en?lang=ko
s00000023579001,https://krcare.net/item/mdcl_3364701_ja
s00000023579001,https://krcare.net/item/mdcl_3364701_ja?lang=ko
s00000023579001,https://krcare.net/item/mdcl_3364701_zh
s00000023579001,https://krcare.net/item/mdcl_3364701_zh?lang=ko
s00000023579001,https://krcare.net/item/mdcl_3364701_zh_tw
s00000023579001,https://krcare.net/item/mdcl_3364701_zh_tw?lang=ko
s00000023579001,https://krcare.net/item/mdcl_3364714_en
s00000023579001,https://krcare.net/item/mdcl_3364714_en?lang=ko
s00000023579001,https://krcare.net/item/mdcl_3364714_ja
s00000023579001,https://krcare.net/item/mdcl_3364714_ja?lang=ko
s00000023579001,https://krcare.net/item/mdcl_3364714_zh
s00000023579001,https://krcare.net/item/mdcl_3364714_zh?lang=ko
s00000023579001,https://krcare.net/item/mdcl_3364714_zh_tw
s00000023579001,https://krcare.net/item/mdcl_3364714_zh_tw?lang=ko
s00000023579001,https://krcare.net/item/mdcl_3364716_en
s00000023579001,https://krcare.net/item/mdcl_3364716_en?lang=ko
s00000023579001,https://krcare.net/item/mdcl_3364716_ja
s00000023579001,https://krcare.net/item/mdcl_3364716_ja?lang=ko
s00000023579001,https://krcare.net/item/mdcl_3364716_zh
s00000023579001,https://krcare.net/item/mdcl_3364716_zh?lang=ko
s00000023579001,https://krcare.net/item/mdcl_3364716_zh_tw
s00000023579001,https://krcare.net/item/mdcl_3364716_zh_tw?lang=ko
s00000023579001,https://krcare.net/item/mdcl_3364727_en
s00000023579001,https://krcare.net/item/mdcl_3364727_en?lang=ko
s00000023579001,https://krcare.net/item/mdcl_3364727_ja
s00000023579001,https://krcare.net/item/mdcl_3364727_ja?lang=ko
s00000023579001,https://krcare.net/item/mdcl_3364727_zh
s00000023579001,https://krcare.net/item/mdcl_3364727_zh?lang=ko
s00000023579001,https://krcare.net/item/mdcl_3364727_zh_tw
s00000023579001,https://krcare.net/item/mdcl_3364727_zh_tw?lang=ko
s00000023579001,https://krcare.net/item/mdcl_3364728_en
s00000023579001,https://krcare.net/item/mdcl_3364728_en?lang=ko
s00000023579001,https://krcare.net/item/mdcl_3364728_ja
s00000023579001,https://krcare.net/item/mdcl_3364728_ja?lang=ko
s00000023579001,https://krcare.net/item/mdcl_3364728_zh
s00000023579001,https://krcare.net/item/mdcl_3364728_zh?lang=ko
s00000023579001,https://krcare.net/item/mdcl_3364728_zh_tw
s00000023579001,https://krcare.net/item/mdcl_3364728_zh_tw?lang=ko
s00000023579001,https://krcare.net/item/mdcl_3364734_en
s00000023579001,https://krcare.net/item/mdcl_3364734_en?lang=ko
s00000023579001,https://krcare.net/item/mdcl_3364734_ja
s00000023579001,https://krcare.net/item/mdcl_3364734_ja?lang=ko
s00000023579001,https://krcare.net/item/mdcl_3364734_zh
s00000023579001,https://krcare.net/item/mdcl_3364734_zh?lang=ko
s00000023579001,https://krcare.net/item/mdcl_3364734_zh_tw
s00000023579001,https://krcare.net/item/mdcl_3364734_zh_tw?lang=ko
s00000023579001,https://krcare.net/item/mdcl_3364735_en
s00000023579001,https://krcare.net/item/mdcl_3364735_en?lang=ko
s00000023579001,https://krcare.net/item/mdcl_3364735_ja
s00000023579001,https://krcare.net/item/mdcl_3364735_ja?lang=ko
s00000023579001,https://krcare.net/item/mdcl_3364735_zh
s00000023579001,https://krcare.net/item/mdcl_3364735_zh?lang=ko
s00000023579001,https://krcare.net/item/mdcl_3364735_zh_tw
s00000023579001,https://krcare.net/item/mdcl_3364735_zh_tw?lang=ko
s00000023579001,https://krcare.net/item/mdcl_3364741_en
s00000023579001,https://krcare.net/item/mdcl_3364741_en?lang=ko
s00000023579001,https://krcare.net/item/mdcl_3364741_ja
s00000023579001,https://krcare.net/item/mdcl_3364741_ja?lang=ko
s00000023579001,https://krcare.net/item/mdcl_3364741_zh
s00000023579001,https://krcare.net/item/mdcl_3364741_zh?lang=ko
s00000023579001,https://krcare.net/item/mdcl_3364741_zh_tw
s00000023579001,https://krcare.net/item/mdcl_3364741_zh_tw?lang=ko
s00000023579001,https://krcare.net/item/mdcl_3364744_en
s00000023579001,https://krcare.net/item/mdcl_3364744_en?lang=ko
s00000023579001,https://krcare.net/item/mdcl_3364744_ja
s00000023579001,https://krcare.net/item/mdcl_3364744_ja?lang=ko
s00000023579001,https://krcare.net/item/mdcl_3364744_zh
s00000023579001,https://krcare.net/item/mdcl_3364744_zh?lang=ko
s00000023579001,https://krcare.net/item/mdcl_3364744_zh_tw
s00000023579001,https://krcare.net/item/mdcl_3364744_zh_tw?lang=ko
s00000023579001,https://krcare.net/item/mdcl_3364748_en
s00000023579001,https://krcare.net/item/mdcl_3364748_en?lang=ko
s00000023579001,https://krcare.net/item/mdcl_3364748_ja
s00000023579001,https://krcare.net/item/mdcl_3364748_ja?lang=ko
s00000023579001,https://krcare.net/item/mdcl_3364748_zh
s00000023579001,https://krcare.net/item/mdcl_3364748_zh?lang=ko
s00000023579001,https://krcare.net/item/mdcl_3364748_zh_tw
s00000023579001,https://krcare.net/item/mdcl_3364748_zh_tw?lang=ko
s00000023579001,https://krcare.net/item/mdcl_3364756_en
s00000023579001,https://krcare.net/item/mdcl_3364756_en?lang=ko
s00000023579001,https://krcare.net/item/mdcl_3364756_ja
s00000023579001,https://krcare.net/item/mdcl_3364756_ja?lang=ko
s00000023579001,https://krcare.net/item/mdcl_3364756_zh
s00000023579001,https://krcare.net/item/mdcl_3364756_zh?lang=ko
s00000023579001,https://krcare.net/item/mdcl_3364756_zh_tw
s00000023579001,https://krcare.net/item/mdcl_3364756_zh_tw?lang=ko
s00000023579001,https://krcare.net/item/mdcl_3364757_en
s00000023579001,https://krcare.net/item/mdcl_3364757_en?lang=ko
s00000023579001,https://krcare.net/item/mdcl_3364757_ja
s00000023579001,https://krcare.net/item/mdcl_3364757_ja?lang=ko
s00000023579001,https://krcare.net/item/mdcl_3364757_zh
s00000023579001,https://krcare.net/item/mdcl_3364757_zh?lang=ko
s00000023579001,https://krcare.net/item/mdcl_3364757_zh_tw
s00000023579001,https://krcare.net/item/mdcl_3364757_zh_tw?lang=ko
s00000023579001,https://krcare.net/item/mdcl_3364765_en
s00000023579001,https://krcare.net/item/mdcl_3364765_en?lang=ko
s00000023579001,https://krcare.net/item/mdcl_3364765_ja
s00000023579001,https://krcare.net/item/mdcl_3364765_ja?lang=ko
s00000023579001,https://krcare.net/item/mdcl_3364765_zh
s00000023579001,https://krcare.net/item/mdcl_3364765_zh?lang=ko
s00000023579001,https://krcare.net/item/mdcl_3364765_zh_tw
s00000023579001,https://krcare.net/item/mdcl_3364765_zh_tw?lang=ko
s00000023579001,https://krcare.net/item/mdcl_3364770_en
s00000023579001,https://krcare.net/item/mdcl_3364770_en?lang=ko
s00000023579001,https://krcare.net/item/mdcl_3364770_ja
s00000023579001,https://krcare.net/item/mdcl_3364770_ja?lang=ko
s00000023579001,https://krcare.net/item/mdcl_3364770_zh
s00000023579001,https://krcare.net/item/mdcl_3364770_zh?lang=ko
s00000023579001,https://krcare.net/item/mdcl_3364770_zh_tw
s00000023579001,https://krcare.net/item/mdcl_3364770_zh_tw?lang=ko
s00000023579001,https://krcare.net/item/mdcl_3364772_en
s00000023579001,https://krcare.net/item/mdcl_3364772_en?lang=ko
s00000023579001,https://krcare.net/item/mdcl_3364772_ja
s00000023579001,https://krcare.net/item/mdcl_3364772_ja?lang=ko
s00000023579001,https://krcare.net/item/mdcl_3364772_zh
s00000023579001,https://krcare.net/item/mdcl_3364772_zh?lang=ko
s00000023579001,https://krcare.net/item/mdcl_3364772_zh_tw
s00000023579001,https://krcare.net/item/mdcl_3364772_zh_tw?lang=ko
s00000023579001,https://krcare.net/item/mdcl_3364779_en
s00000023579001,https://krcare.net/item/mdcl_3364779_en?lang=ko
s00000023579001,https://krcare.net/item/mdcl_3364779_ja
s00000023579001,https://krcare.net/item/mdcl_3364779_ja?lang=ko
s00000023579001,https://krcare.net/item/mdcl_3364779_zh
s00000023579001,https://krcare.net/item/mdcl_3364779_zh?lang=ko
s00000023579001,https://krcare.net/item/mdcl_3364779_zh_tw
s00000023579001,https://krcare.net/item/mdcl_3364779_zh_tw?lang=ko
s00000023579001,https://krcare.net/item/mdcl_3364782_en
s00000023579001,https://krcare.net/item/mdcl_3364782_en?lang=ko
s00000023579001,https://krcare.net/item/mdcl_3364782_ja
s00000023579001,https://krcare.net/item/mdcl_3364782_ja?lang=ko
s00000023579001,https://krcare.net/item/mdcl_3364782_zh
s00000023579001,https://krcare.net/item/mdcl_3364782_zh?lang=ko
s00000023579001,https://krcare.net/item/mdcl_3364782_zh_tw
s00000023579001,https://krcare.net/item/mdcl_3364782_zh_tw?lang=ko
s00000023579001,https://krcare.net/item/mdcl_3364783_en
s00000023579001,https://krcare.net/item/mdcl_3364783_en?lang=ko
s00000023579001,https://krcare.net/item/mdcl_3364783_ja
s00000023579001,https://krcare.net/item/mdcl_3364783_ja?lang=ko
s00000023579001,https://krcare.net/item/mdcl_3364783_zh
s00000023579001,https://krcare.net/item/mdcl_3364783_zh?lang=ko
s00000023579001,https://krcare.net/item/mdcl_3364783_zh_tw
s00000023579001,https://krcare.net/item/mdcl_3364783_zh_tw?lang=ko
s00000023579001,https://krcare.net/item/mdcl_3364789_en
s00000023579001,https://krcare.net/item/mdcl_3364789_en?lang=ko
s00000023579001,https://krcare.net/item/mdcl_3364789_ja
s00000023579001,https://krcare.net/item/mdcl_3364789_ja?lang=ko
s00000023579001,https://krcare.net/item/mdcl_3364789_zh
s00000023579001,https://krcare.net/item/mdcl_3364789_zh?lang=ko
s00000023579001,https://krcare.net/item/mdcl_3364789_zh_tw
s00000023579001,https://krcare.net/item/mdcl_3364789_zh_tw?lang=ko
s00000023579001,https://krcare.net/item/mdcl_3364793_en
s00000023579001,https://krcare.net/item/mdcl_3364793_en?lang=ko
s00000023579001,https://krcare.net/item/mdcl_3364793_ja
s00000023579001,https://krcare.net/item/mdcl_3364793_ja?lang=ko
s00000023579001,https://krcare.net/item/mdcl_3364793_zh
s00000023579001,https://krcare.net/item/mdcl_3364793_zh?lang=ko
s00000023579001,https://krcare.net/item/mdcl_3364793_zh_tw
s00000023579001,https://krcare.net/item/mdcl_3364793_zh_tw?lang=ko
s00000023579001,https://krcare.net/item/mdcl_3364801_en
s00000023579001,https://krcare.net/item/mdcl_3364801_en?lang=ko
s00000023579001,https://krcare.net/item/mdcl_3364801_ja
s00000023579001,https://krcare.net/item/mdcl_3364801_ja?lang=ko
s00000023579001,https://krcare.net/item/mdcl_3364801_zh
s00000023579001,https://krcare.net/item/mdcl_3364801_zh?lang=ko
s00000023579001,https://krcare.net/item/mdcl_3364801_zh_tw
s00000023579001,https://krcare.net/item/mdcl_3364801_zh_tw?lang=ko
s00000023579001,https://krcare.net/item/mdcl_3364802_en
s00000023579001,https://krcare.net/item/mdcl_3364802_en?lang=ko
s00000023579001,https://krcare.net/item/mdcl_3364802_ja
s00000023579001,https://krcare.net/item/mdcl_3364802_ja?lang=ko
s00000023579001,https://krcare.net/item/mdcl_3364802_zh
s00000023579001,https://krcare.net/item/mdcl_3364802_zh?lang=ko
s00000023579001,https://krcare.net/item/mdcl_3364802_zh_tw
s00000023579001,https://krcare.net/item/mdcl_3364802_zh_tw?lang=ko
s00000023579001,https://krcare.net/item/mdcl_3364810_en
s00000023579001,https://krcare.net/item/mdcl_3364810_en?lang=ko
s00000023579001,https://krcare.net/item/mdcl_3364810_ja
s00000023579001,https://krcare.net/item/mdcl_3364810_ja?lang=ko
s00000023579001,https://krcare.net/item/mdcl_3364810_zh
s00000023579001,https://krcare.net/item/mdcl_3364810_zh?lang=ko
s00000023579001,https://krcare.net/item/mdcl_3364810_zh_tw
s00000023579001,https://krcare.net/item/mdcl_3364810_zh_tw?lang=ko
s00000023579001,https://krcare.net/item/mdcl_3364834_en
s00000023579001,https://krcare.net/item/mdcl_3364834_en?lang=ko
s00000023579001,https://krcare.net/item/mdcl_3364834_ja
s00000023579001,https://krcare.net/item/mdcl_3364834_ja?lang=ko
s00000023579001,https://krcare.net/item/mdcl_3364834_zh
s00000023579001,https://krcare.net/item/mdcl_3364834_zh?lang=ko
s00000023579001,https://krcare.net/item/mdcl_3364834_zh_tw
s00000023579001,https://krcare.net/item/mdcl_3364834_zh_tw?lang=ko
s00000023579001,https://krcare.net/item/mdcl_3364835_en
s00000023579001,https://krcare.net/item/mdcl_3364835_en?lang=ko
s00000023579001,https://krcare.net/item/mdcl_3364835_ja
s00000023579001,https://krcare.net/item/mdcl_3364835_ja?lang=ko
s00000023579001,https://krcare.net/item/mdcl_3364835_zh
s00000023579001,https://krcare.net/item/mdcl_3364835_zh?lang=ko
s00000023579001,https://krcare.net/item/mdcl_3364835_zh_tw
s00000023579001,https://krcare.net/item/mdcl_3364835_zh_tw?lang=ko
s00000023579001,https://krcare.net/item/mdcl_3364859_en
s00000023579001,https://krcare.net/item/mdcl_3364859_en?lang=ko
s00000023579001,https://krcare.net/item/mdcl_3364859_ja
s00000023579001,https://krcare.net/item/mdcl_3364859_ja?lang=ko
s00000023579001,https://krcare.net/item/mdcl_3364859_zh
s00000023579001,https://krcare.net/item/mdcl_3364859_zh?lang=ko
s00000023579001,https://krcare.net/item/mdcl_3364859_zh_tw
s00000023579001,https://krcare.net/item/mdcl_3364859_zh_tw?lang=ko
s00000023579001,https://krcare.net/item/mdcl_3364863_en
s00000023579001,https://krcare.net/item/mdcl_3364863_en?lang=ko
s00000023579001,https://krcare.net/item/mdcl_3364863_ja
s00000023579001,https://krcare.net/item/mdcl_3364863_ja?lang=ko
s00000023579001,https://krcare.net/item/mdcl_3364863_zh
s00000023579001,https://krcare.net/item/mdcl_3364863_zh?lang=ko
s00000023579001,https://krcare.net/item/mdcl_3364863_zh_tw
s00000023579001,https://krcare.net/item/mdcl_3364863_zh_tw?lang=ko
s00000023579001,https://krcare.net/item/mdcl_3364882_en
s00000023579001,https://krcare.net/item/mdcl_3364882_en?lang=ko
s00000023579001,https://krcare.net/item/mdcl_3364882_ja
s00000023579001,https://krcare.net/item/mdcl_3364882_ja?lang=ko
s00000023579001,https://krcare.net/item/mdcl_3364882_zh
s00000023579001,https://krcare.net/item/mdcl_3364882_zh?lang=ko
s00000023579001,https://krcare.net/item/mdcl_3364882_zh_tw
s00000023579001,https://krcare.net/item/mdcl_3364882_zh_tw?lang=ko
s00000023579001,https://krcare.net/item/mdcl_3364883_en
s00000023579001,https://krcare.net/item/mdcl_3364883_en?lang=ko
s00000023579001,https://krcare.net/item/mdcl_3364883_ja
s00000023579001,https://krcare.net/item/mdcl_3364883_ja?lang=ko
s00000023579001,https://krcare.net/item/mdcl_3364883_zh
s00000023579001,https://krcare.net/item/mdcl_3364883_zh?lang=ko
s00000023579001,https://krcare.net/item/mdcl_3364883_zh_tw
s00000023579001,https://krcare.net/item/mdcl_3364883_zh_tw?lang=ko
s00000023579001,https://krcare.net/item/mdcl_3364916_en
s00000023579001,https://krcare.net/item/mdcl_3364916_en?lang=ko
s00000023579001,https://krcare.net/item/mdcl_3364916_ja
s00000023579001,https://krcare.net/item/mdcl_3364916_ja?lang=ko
s00000023579001,https://krcare.net/item/mdcl_3364916_zh
s00000023579001,https://krcare.net/item/mdcl_3364916_zh?lang=ko
s00000023579001,https://krcare.net/item/mdcl_3364916_zh_tw
s00000023579001,https://krcare.net/item/mdcl_3364916_zh_tw?lang=ko
s00000023579001,https://krcare.net/item/mdcl_3364920_en
s00000023579001,https://krcare.net/item/mdcl_3364920_en?lang=ko
s00000023579001,https://krcare.net/item/mdcl_3364920_ja
s00000023579001,https://krcare.net/item/mdcl_3364920_ja?lang=ko
s00000023579001,https://krcare.net/item/mdcl_3364920_zh
s00000023579001,https://krcare.net/item/mdcl_3364920_zh?lang=ko
s00000023579001,https://krcare.net/item/mdcl_3364920_zh_tw
s00000023579001,https://krcare.net/item/mdcl_3364920_zh_tw?lang=ko
s00000023579001,https://krcare.net/item/mdcl_3364935_en
s00000023579001,https://krcare.net/item/mdcl_3364935_en?lang=ko
s00000023579001,https://krcare.net/item/mdcl_3364935_ja
s00000023579001,https://krcare.net/item/mdcl_3364935_ja?lang=ko
s00000023579001,https://krcare.net/item/mdcl_3364935_zh
s00000023579001,https://krcare.net/item/mdcl_3364935_zh?lang=ko
s00000023579001,https://krcare.net/item/mdcl_3364935_zh_tw
s00000023579001,https://krcare.net/item/mdcl_3364935_zh_tw?lang=ko
s00000023579001,https://krcare.net/item/mdcl_3364945_en
s00000023579001,https://krcare.net/item/mdcl_3364945_en?lang=ko
s00000023579001,https://krcare.net/item/mdcl_3364945_ja
s00000023579001,https://krcare.net/item/mdcl_3364945_ja?lang=ko
s00000023579001,https://krcare.net/item/mdcl_3364945_zh
s00000023579001,https://krcare.net/item/mdcl_3364945_zh?lang=ko
s00000023579001,https://krcare.net/item/mdcl_3364945_zh_tw
s00000023579001,https://krcare.net/item/mdcl_3364945_zh_tw?lang=ko
s00000023579001,https://krcare.net/item/mdcl_3364978_en
s00000023579001,https://krcare.net/item/mdcl_3364978_en?lang=ko
s00000023579001,https://krcare.net/item/mdcl_3364978_ja
s00000023579001,https://krcare.net/item/mdcl_3364978_ja?lang=ko
s00000023579001,https://krcare.net/item/mdcl_3364978_zh
s00000023579001,https://krcare.net/item/mdcl_3364978_zh?lang=ko
s00000023579001,https://krcare.net/item/mdcl_3364978_zh_tw
s00000023579001,https://krcare.net/item/mdcl_3364978_zh_tw?lang=ko
s00000023579001,https://krcare.net/item/mdcl_3364983_en
s00000023579001,https://krcare.net/item/mdcl_3364983_en?lang=ko
s00000023579001,https://krcare.net/item/mdcl_3364983_ja
s00000023579001,https://krcare.net/item/mdcl_3364983_ja?lang=ko
s00000023579001,https://krcare.net/item/mdcl_3364983_zh
s00000023579001,https://krcare.net/item/mdcl_3364983_zh?lang=ko
s00000023579001,https://krcare.net/item/mdcl_3364983_zh_tw
s00000023579001,https://krcare.net/item/mdcl_3364983_zh_tw?lang=ko
s00000023579001,https://krcare.net/item/mdcl_3365009_en
s00000023579001,https://krcare.net/item/mdcl_3365009_en?lang=ko
s00000023579001,https://krcare.net/item/mdcl_3365009_ja
s00000023579001,https://krcare.net/item/mdcl_3365009_ja?lang=ko
s00000023579001,https://krcare.net/item/mdcl_3365009_zh
s00000023579001,https://krcare.net/item/mdcl_3365009_zh?lang=ko
s00000023579001,https://krcare.net/item/mdcl_3365009_zh_tw
s00000023579001,https://krcare.net/item/mdcl_3365009_zh_tw?lang=ko
s00000023579001,https://krcare.net/item/mdcl_3365081_en
s00000023579001,https://krcare.net/item/mdcl_3365081_en?lang=ko
s00000023579001,https://krcare.net/item/mdcl_3365081_ja
s00000023579001,https://krcare.net/item/mdcl_3365081_ja?lang=ko
s00000023579001,https://krcare.net/item/mdcl_3365081_zh
s00000023579001,https://krcare.net/item/mdcl_3365081_zh?lang=ko
s00000023579001,https://krcare.net/item/mdcl_3365081_zh_tw
s00000023579001,https://krcare.net/item/mdcl_3365081_zh_tw?lang=ko
s00000023579001,https://krcare.net/item/mdcl_3365179_en
s00000023579001,https://krcare.net/item/mdcl_3365179_en?lang=ko
s00000023579001,https://krcare.net/item/mdcl_3365179_ja
s00000023579001,https://krcare.net/item/mdcl_3365179_ja?lang=ko
s00000023579001,https://krcare.net/item/mdcl_3365179_zh
s00000023579001,https://krcare.net/item/mdcl_3365179_zh?lang=ko
s00000023579001,https://krcare.net/item/mdcl_3365179_zh_tw
s00000023579001,https://krcare.net/item/mdcl_3365179_zh_tw?lang=ko
s00000023579001,https://krcare.net/item/mdcl_3365216_en
s00000023579001,https://krcare.net/item/mdcl_3365216_en?lang=ko
s00000023579001,https://krcare.net/item/mdcl_3365216_ja
s00000023579001,https://krcare.net/item/mdcl_3365216_ja?lang=ko
s00000023579001,https://krcare.net/item/mdcl_3365216_zh
s00000023579001,https://krcare.net/item/mdcl_3365216_zh?lang=ko
s00000023579001,https://krcare.net/item/mdcl_3365216_zh_tw
s00000023579001,https://krcare.net/item/mdcl_3365216_zh_tw?lang=ko
s00000023579001,https://krcare.net/item/mdcl_3365217_en
s00000023579001,https://krcare.net/item/mdcl_3365217_en?lang=ko
s00000023579001,https://krcare.net/item/mdcl_3365217_ja
s00000023579001,https://krcare.net/item/mdcl_3365217_ja?lang=ko
s00000023579001,https://krcare.net/item/mdcl_3365217_zh
s00000023579001,https://krcare.net/item/mdcl_3365217_zh?lang=ko
s00000023579001,https://krcare.net/item/mdcl_3365217_zh_tw
s00000023579001,https://krcare.net/item/mdcl_3365217_zh_tw?lang=ko
s00000023579001,https://krcare.net/item/mdcl_3365252_en
s00000023579001,https://krcare.net/item/mdcl_3365252_en?lang=ko
s00000023579001,https://krcare.net/item/mdcl_3365252_ja
s00000023579001,https://krcare.net/item/mdcl_3365252_ja?lang=ko
s00000023579001,https://krcare.net/item/mdcl_3365252_zh
s00000023579001,https://krcare.net/item/mdcl_3365252_zh?lang=ko
s00000023579001,https://krcare.net/item/mdcl_3365252_zh_tw
s00000023579001,https://krcare.net/item/mdcl_3365252_zh_tw?lang=ko
s00000023579001,https://krcare.net/item/mdcl_3365275_en
s00000023579001,https://krcare.net/item/mdcl_3365275_en?lang=ko
s00000023579001,https://krcare.net/item/mdcl_3365275_ja
s00000023579001,https://krcare.net/item/mdcl_3365275_ja?lang=ko
s00000023579001,https://krcare.net/item/mdcl_3365275_zh
s00000023579001,https://krcare.net/item/mdcl_3365275_zh?lang=ko
s00000023579001,https://krcare.net/item/mdcl_3365275_zh_tw
s00000023579001,https://krcare.net/item/mdcl_3365275_zh_tw?lang=ko
s00000023579001,https://krcare.net/item/mdcl_3365278_en
s00000023579001,https://krcare.net/item/mdcl_3365278_en?lang=ko
s00000023579001,https://krcare.net/item/mdcl_3365278_ja
s00000023579001,https://krcare.net/item/mdcl_3365278_ja?lang=ko
s00000023579001,https://krcare.net/item/mdcl_3365278_zh
s00000023579001,https://krcare.net/item/mdcl_3365278_zh?lang=ko
s00000023579001,https://krcare.net/item/mdcl_3365278_zh_tw
s00000023579001,https://krcare.net/item/mdcl_3365278_zh_tw?lang=ko
s00000023579001,https://krcare.net/item/mdcl_3365295_en
s00000023579001,https://krcare.net/item/mdcl_3365295_en?lang=ko
s00000023579001,https://krcare.net/item/mdcl_3365295_ja
s00000023579001,https://krcare.net/item/mdcl_3365295_ja?lang=ko
s00000023579001,https://krcare.net/item/mdcl_3365295_zh
s00000023579001,https://krcare.net/item/mdcl_3365295_zh?lang=ko
s00000023579001,https://krcare.net/item/mdcl_3365295_zh_tw
s00000023579001,https://krcare.net/item/mdcl_3365295_zh_tw?lang=ko
s00000023579001,https://krcare.net/item/mdcl_3365345_en
s00000023579001,https://krcare.net/item/mdcl_3365345_en?lang=ko
s00000023579001,https://krcare.net/item/mdcl_3365345_ja
s00000023579001,https://krcare.net/item/mdcl_3365345_ja?lang=ko
s00000023579001,https://krcare.net/item/mdcl_3365345_zh
s00000023579001,https://krcare.net/item/mdcl_3365345_zh?lang=ko
s00000023579001,https://krcare.net/item/mdcl_3365345_zh_tw
s00000023579001,https://krcare.net/item/mdcl_3365345_zh_tw?lang=ko
s00000023579001,https://krcare.net/item/mdcl_3365404_en
s00000023579001,https://krcare.net/item/mdcl_3365404_en?lang=ko
s00000023579001,https://krcare.net/item/mdcl_3365404_ja
s00000023579001,https://krcare.net/item/mdcl_3365404_ja?lang=ko
s00000023579001,https://krcare.net/item/mdcl_3365404_zh
s00000023579001,https://krcare.net/item/mdcl_3365404_zh?lang=ko
s00000023579001,https://krcare.net/item/mdcl_3365404_zh_tw
s00000023579001,https://krcare.net/item/mdcl_3365404_zh_tw?lang=ko
s00000023579001,https://krcare.net/item/mdcl_3365419_en
s00000023579001,https://krcare.net/item/mdcl_3365419_en?lang=ko
s00000023579001,https://krcare.net/item/mdcl_3365419_ja
s00000023579001,https://krcare.net/item/mdcl_3365419_ja?lang=ko
s00000023579001,https://krcare.net/item/mdcl_3365419_zh
s00000023579001,https://krcare.net/item/mdcl_3365419_zh?lang=ko
s00000023579001,https://krcare.net/item/mdcl_3365419_zh_tw
s00000023579001,https://krcare.net/item/mdcl_3365419_zh_tw?lang=ko
s00000023579001,https://krcare.net/item/mdcl_3365450_en
s00000023579001,https://krcare.net/item/mdcl_3365450_en?lang=ko
s00000023579001,https://krcare.net/item/mdcl_3365450_ja
s00000023579001,https://krcare.net/item/mdcl_3365450_ja?lang=ko
s00000023579001,https://krcare.net/item/mdcl_3365450_zh
s00000023579001,https://krcare.net/item/mdcl_3365450_zh?lang=ko
s00000023579001,https://krcare.net/item/mdcl_3365450_zh_tw
s00000023579001,https://krcare.net/item/mdcl_3365450_zh_tw?lang=ko
s00000023579001,https://krcare.net/item/mdcl_3365455_en
s00000023579001,https://krcare.net/item/mdcl_3365455_en?lang=ko
s00000023579001,https://krcare.net/item/mdcl_3365455_ja
s00000023579001,https://krcare.net/item/mdcl_3365455_ja?lang=ko
s00000023579001,https://krcare.net/item/mdcl_3365455_zh
s00000023579001,https://krcare.net/item/mdcl_3365455_zh?lang=ko
s00000023579001,https://krcare.net/item/mdcl_3365455_zh_tw
s00000023579001,https://krcare.net/item/mdcl_3365455_zh_tw?lang=ko
s00000023579001,https://krcare.net/item/mdcl_3365514_en
s00000023579001,https://krcare.net/item/mdcl_3365514_en?lang=ko
s00000023579001,https://krcare.net/item/mdcl_3365514_ja
s00000023579001,https://krcare.net/item/mdcl_3365514_ja?lang=ko
s00000023579001,https://krcare.net/item/mdcl_3365514_zh
s00000023579001,https://krcare.net/item/mdcl_3365514_zh?lang=ko
s00000023579001,https://krcare.net/item/mdcl_3365514_zh_tw
s00000023579001,https://krcare.net/item/mdcl_3365514_zh_tw?lang=ko
s00000023579001,https://krcare.net/item/mdcl_3365516_en
s00000023579001,https://krcare.net/item/mdcl_3365516_en?lang=ko
s00000023579001,https://krcare.net/item/mdcl_3365516_ja
s00000023579001,https://krcare.net/item/mdcl_3365516_ja?lang=ko
s00000023579001,https://krcare.net/item/mdcl_3365516_zh
s00000023579001,https://krcare.net/item/mdcl_3365516_zh?lang=ko
s00000023579001,https://krcare.net/item/mdcl_3365516_zh_tw
s00000023579001,https://krcare.net/item/mdcl_3365516_zh_tw?lang=ko
s00000023579001,https://krcare.net/item/mdcl_3365517_en
s00000023579001,https://krcare.net/item/mdcl_3365517_en?lang=ko
s00000023579001,https://krcare.net/item/mdcl_3365517_ja
s00000023579001,https://krcare.net/item/mdcl_3365517_ja?lang=ko
s00000023579001,https://krcare.net/item/mdcl_3365517_zh
s00000023579001,https://krcare.net/item/mdcl_3365517_zh?lang=ko
s00000023579001,https://krcare.net/item/mdcl_3365517_zh_tw
s00000023579001,https://krcare.net/item/mdcl_3365517_zh_tw?lang=ko
s00000023579001,https://krcare.net/item/mdcl_3365595_en
s00000023579001,https://krcare.net/item/mdcl_3365595_en?lang=ko
s00000023579001,https://krcare.net/item/mdcl_3365595_ja
s00000023579001,https://krcare.net/item/mdcl_3365595_ja?lang=ko
s00000023579001,https://krcare.net/item/mdcl_3365595_zh
s00000023579001,https://krcare.net/item/mdcl_3365595_zh?lang=ko
s00000023579001,https://krcare.net/item/mdcl_3365595_zh_tw
s00000023579001,https://krcare.net/item/mdcl_3365595_zh_tw?lang=ko
s00000023579001,https://krcare.net/item/mdcl_3365654_en
s00000023579001,https://krcare.net/item/mdcl_3365654_en?lang=ko
s00000023579001,https://krcare.net/item/mdcl_3365654_ja
s00000023579001,https://krcare.net/item/mdcl_3365654_ja?lang=ko
s00000023579001,https://krcare.net/item/mdcl_3365654_zh
s00000023579001,https://krcare.net/item/mdcl_3365654_zh?lang=ko
s00000023579001,https://krcare.net/item/mdcl_3365654_zh_tw
s00000023579001,https://krcare.net/item/mdcl_3365654_zh_tw?lang=ko
s00000023579001,https://krcare.net/item/mdcl_3365690_en
s00000023579001,https://krcare.net/item/mdcl_3365690_en?lang=ko
s00000023579001,https://krcare.net/item/mdcl_3365690_ja
s00000023579001,https://krcare.net/item/mdcl_3365690_ja?lang=ko
s00000023579001,https://krcare.net/item/mdcl_3365690_zh
s00000023579001,https://krcare.net/item/mdcl_3365690_zh?lang=ko
s00000023579001,https://krcare.net/item/mdcl_3365690_zh_tw
s00000023579001,https://krcare.net/item/mdcl_3365690_zh_tw?lang=ko
s00000023579001,https://krcare.net/item/mdcl_3365748_en
s00000023579001,https://krcare.net/item/mdcl_3365748_en?lang=ko
s00000023579001,https://krcare.net/item/mdcl_3365748_ja
s00000023579001,https://krcare.net/item/mdcl_3365748_ja?lang=ko
s00000023579001,https://krcare.net/item/mdcl_3365748_zh
s00000023579001,https://krcare.net/item/mdcl_3365748_zh?lang=ko
s00000023579001,https://krcare.net/item/mdcl_3365748_zh_tw
s00000023579001,https://krcare.net/item/mdcl_3365748_zh_tw?lang=ko
s00000023579001,https://krcare.net/item/mdcl_3365815_en
s00000023579001,https://krcare.net/item/mdcl_3365815_en?lang=ko
s00000023579001,https://krcare.net/item/mdcl_3365815_ja
s00000023579001,https://krcare.net/item/mdcl_3365815_ja?lang=ko
s00000023579001,https://krcare.net/item/mdcl_3365815_zh
s00000023579001,https://krcare.net/item/mdcl_3365815_zh?lang=ko
s00000023579001,https://krcare.net/item/mdcl_3365815_zh_tw
s00000023579001,https://krcare.net/item/mdcl_3365815_zh_tw?lang=ko
s00000023579001,https://krcare.net/item/mdcl_3365841_en
s00000023579001,https://krcare.net/item/mdcl_3365841_en?lang=ko
s00000023579001,https://krcare.net/item/mdcl_3365841_ja
s00000023579001,https://krcare.net/item/mdcl_3365841_ja?lang=ko
s00000023579001,https://krcare.net/item/mdcl_3365841_zh
s00000023579001,https://krcare.net/item/mdcl_3365841_zh?lang=ko
s00000023579001,https://krcare.net/item/mdcl_3365841_zh_tw
s00000023579001,https://krcare.net/item/mdcl_3365841_zh_tw?lang=ko
s00000023579001,https://krcare.net/item/mdcl_3365939_en
s00000023579001,https://krcare.net/item/mdcl_3365939_en?lang=ko
s00000023579001,https://krcare.net/item/mdcl_3365939_ja
s00000023579001,https://krcare.net/item/mdcl_3365939_ja?lang=ko
s00000023579001,https://krcare.net/item/mdcl_3365939_zh
s00000023579001,https://krcare.net/item/mdcl_3365939_zh?lang=ko
s00000023579001,https://krcare.net/item/mdcl_3365939_zh_tw
s00000023579001,https://krcare.net/item/mdcl_3365939_zh_tw?lang=ko
s00000023579001,https://krcare.net/item/mdcl_3365967_en
s00000023579001,https://krcare.net/item/mdcl_3365967_en?lang=ko
s00000023579001,https://krcare.net/item/mdcl_3365967_ja
s00000023579001,https://krcare.net/item/mdcl_3365967_ja?lang=ko
s00000023579001,https://krcare.net/item/mdcl_3365967_zh
s00000023579001,https://krcare.net/item/mdcl_3365967_zh?lang=ko
s00000023579001,https://krcare.net/item/mdcl_3365967_zh_tw
s00000023579001,https://krcare.net/item/mdcl_3365967_zh_tw?lang=ko
s00000023579001,https://krcare.net/item/mdcl_3365977_en
s00000023579001,https://krcare.net/item/mdcl_3365977_en?lang=ko
s00000023579001,https://krcare.net/item/mdcl_3365977_ja
s00000023579001,https://krcare.net/item/mdcl_3365977_ja?lang=ko
s00000023579001,https://krcare.net/item/mdcl_3365977_zh
s00000023579001,https://krcare.net/item/mdcl_3365977_zh?lang=ko
s00000023579001,https://krcare.net/item/mdcl_3365977_zh_tw
s00000023579001,https://krcare.net/item/mdcl_3365977_zh_tw?lang=ko
s00000023579001,https://krcare.net/item/mdcl_3366054_en
s00000023579001,https://krcare.net/item/mdcl_3366054_en?lang=ko
s00000023579001,https://krcare.net/item/mdcl_3366054_ja
s00000023579001,https://krcare.net/item/mdcl_3366054_ja?lang=ko
s00000023579001,https://krcare.net/item/mdcl_3366054_zh
s00000023579001,https://krcare.net/item/mdcl_3366054_zh?lang=ko
s00000023579001,https://krcare.net/item/mdcl_3366054_zh_tw
s00000023579001,https://krcare.net/item/mdcl_3366054_zh_tw?lang=ko
s00000023579001,https://krcare.net/item/mdcl_3366062_en
s00000023579001,https://krcare.net/item/mdcl_3366062_en?lang=ko
s00000023579001,https://krcare.net/item/mdcl_3366062_ja
s00000023579001,https://krcare.net/item/mdcl_3366062_ja?lang=ko
s00000023579001,https://krcare.net/item/mdcl_3366062_zh
s00000023579001,https://krcare.net/item/mdcl_3366062_zh?lang=ko
s00000023579001,https://krcare.net/item/mdcl_3366062_zh_tw
s00000023579001,https://krcare.net/item/mdcl_3366062_zh_tw?lang=ko
s00000023579001,https://krcare.net/item/mdcl_3366080_en
s00000023579001,https://krcare.net/item/mdcl_3366080_en?lang=ko
s00000023579001,https://krcare.net/item/mdcl_3366080_ja
s00000023579001,https://krcare.net/item/mdcl_3366080_ja?lang=ko
s00000023579001,https://krcare.net/item/mdcl_3366080_zh
s00000023579001,https://krcare.net/item/mdcl_3366080_zh?lang=ko
s00000023579001,https://krcare.net/item/mdcl_3366080_zh_tw
s00000023579001,https://krcare.net/item/mdcl_3366080_zh_tw?lang=ko
s00000023579001,https://krcare.net/item/mdcl_3366081_en
s00000023579001,https://krcare.net/item/mdcl_3366081_en?lang=ko
s00000023579001,https://krcare.net/item/mdcl_3366081_ja
s00000023579001,https://krcare.net/item/mdcl_3366081_ja?lang=ko
s00000023579001,https://krcare.net/item/mdcl_3366081_zh
s00000023579001,https://krcare.net/item/mdcl_3366081_zh?lang=ko
s00000023579001,https://krcare.net/item/mdcl_3366081_zh_tw
s00000023579001,https://krcare.net/item/mdcl_3366081_zh_tw?lang=ko
s00000023579001,https://krcare.net/item/mdcl_3366119_en
s00000023579001,https://krcare.net/item/mdcl_3366119_en?lang=ko
s00000023579001,https://krcare.net/item/mdcl_3366119_ja
s00000023579001,https://krcare.net/item/mdcl_3366119_ja?lang=ko
s00000023579001,https://krcare.net/item/mdcl_3366119_zh
s00000023579001,https://krcare.net/item/mdcl_3366119_zh?lang=ko
s00000023579001,https://krcare.net/item/mdcl_3366119_zh_tw
s00000023579001,https://krcare.net/item/mdcl_3366119_zh_tw?lang=ko
s00000023579001,https://krcare.net/item/mdcl_3366125_en
s00000023579001,https://krcare.net/item/mdcl_3366125_en?lang=ko
s00000023579001,https://krcare.net/item/mdcl_3366125_ja
s00000023579001,https://krcare.net/item/mdcl_3366125_ja?lang=ko
s00000023579001,https://krcare.net/item/mdcl_3366125_zh
s00000023579001,https://krcare.net/item/mdcl_3366125_zh?lang=ko
s00000023579001,https://krcare.net/item/mdcl_3366125_zh_tw
s00000023579001,https://krcare.net/item/mdcl_3366125_zh_tw?lang=ko
s00000023579001,https://krcare.net/item/mdcl_3366140_en
s00000023579001,https://krcare.net/item/mdcl_3366140_en?lang=ko
s00000023579001,https://krcare.net/item/mdcl_3366140_ja
s00000023579001,https://krcare.net/item/mdcl_3366140_ja?lang=ko
s00000023579001,https://krcare.net/item/mdcl_3366140_zh
s00000023579001,https://krcare.net/item/mdcl_3366140_zh?lang=ko
s00000023579001,https://krcare.net/item/mdcl_3366140_zh_tw
s00000023579001,https://krcare.net/item/mdcl_3366140_zh_tw?lang=ko
s00000023579001,https://krcare.net/item/mdcl_3366146_en
s00000023579001,https://krcare.net/item/mdcl_3366146_en?lang=ko
s00000023579001,https://krcare.net/item/mdcl_3366146_ja
s00000023579001,https://krcare.net/item/mdcl_3366146_ja?lang=ko
s00000023579001,https://krcare.net/item/mdcl_3366146_zh
s00000023579001,https://krcare.net/item/mdcl_3366146_zh?lang=ko
s00000023579001,https://krcare.net/item/mdcl_3366146_zh_tw
s00000023579001,https://krcare.net/item/mdcl_3366146_zh_tw?lang=ko
s00000023579001,https://krcare.net/item/mdcl_3366148_en
s00000023579001,https://krcare.net/item/mdcl_3366148_en?lang=ko
s00000023579001,https://krcare.net/item/mdcl_3366148_ja
s00000023579001,https://krcare.net/item/mdcl_3366148_ja?lang=ko
s00000023579001,https://krcare.net/item/mdcl_3366148_zh
s00000023579001,https://krcare.net/item/mdcl_3366148_zh?lang=ko
s00000023579001,https://krcare.net/item/mdcl_3366148_zh_tw
s00000023579001,https://krcare.net/item/mdcl_3366148_zh_tw?lang=ko
s00000023579001,https://krcare.net/item/mdcl_3366149_en
s00000023579001,https://krcare.net/item/mdcl_3366149_en?lang=ko
s00000023579001,https://krcare.net/item/mdcl_3366149_ja
s00000023579001,https://krcare.net/item/mdcl_3366149_ja?lang=ko
s00000023579001,https://krcare.net/item/mdcl_3366149_zh
s00000023579001,https://krcare.net/item/mdcl_3366149_zh?lang=ko
s00000023579001,https://krcare.net/item/mdcl_3366149_zh_tw
s00000023579001,https://krcare.net/item/mdcl_3366149_zh_tw?lang=ko
s00000023579001,https://krcare.net/item/mdcl_3366158_en
s00000023579001,https://krcare.net/item/mdcl_3366158_en?lang=ko
s00000023579001,https://krcare.net/item/mdcl_3366158_ja
s00000023579001,https://krcare.net/item/mdcl_3366158_ja?lang=ko
s00000023579001,https://krcare.net/item/mdcl_3366158_zh
s00000023579001,https://krcare.net/item/mdcl_3366158_zh?lang=ko
s00000023579001,https://krcare.net/item/mdcl_3366158_zh_tw
s00000023579001,https://krcare.net/item/mdcl_3366158_zh_tw?lang=ko
s00000023579001,https://krcare.net/item/mdcl_3366161_en
s00000023579001,https://krcare.net/item/mdcl_3366161_en?lang=ko
s00000023579001,https://krcare.net/item/mdcl_3366161_ja
s00000023579001,https://krcare.net/item/mdcl_3366161_ja?lang=ko
s00000023579001,https://krcare.net/item/mdcl_3366161_zh
s00000023579001,https://krcare.net/item/mdcl_3366161_zh?lang=ko
s00000023579001,https://krcare.net/item/mdcl_3366161_zh_tw
s00000023579001,https://krcare.net/item/mdcl_3366161_zh_tw?lang=ko
s00000023579001,https://krcare.net/item/mdcl_3366167_en
s00000023579001,https://krcare.net/item/mdcl_3366167_en?lang=ko
s00000023579001,https://krcare.net/item/mdcl_3366167_ja
s00000023579001,https://krcare.net/item/mdcl_3366167_ja?lang=ko
s00000023579001,https://krcare.net/item/mdcl_3366167_zh
s00000023579001,https://krcare.net/item/mdcl_3366167_zh?lang=ko
s00000023579001,https://krcare.net/item/mdcl_3366167_zh_tw
s00000023579001,https://krcare.net/item/mdcl_3366167_zh_tw?lang=ko
s00000023579001,https://krcare.net/item/mdcl_3366169_en
s00000023579001,https://krcare.net/item/mdcl_3366169_en?lang=ko
s00000023579001,https://krcare.net/item/mdcl_3366169_ja
s00000023579001,https://krcare.net/item/mdcl_3366169_ja?lang=ko
s00000023579001,https://krcare.net/item/mdcl_3366169_zh
s00000023579001,https://krcare.net/item/mdcl_3366169_zh?lang=ko
s00000023579001,https://krcare.net/item/mdcl_3366169_zh_tw
s00000023579001,https://krcare.net/item/mdcl_3366169_zh_tw?lang=ko
s00000023579001,https://krcare.net/item/mdcl_3366179_en
s00000023579001,https://krcare.net/item/mdcl_3366179_en?lang=ko
s00000023579001,https://krcare.net/item/mdcl_3366179_ja
s00000023579001,https://krcare.net/item/mdcl_3366179_ja?lang=ko
s00000023579001,https://krcare.net/item/mdcl_3366179_zh
s00000023579001,https://krcare.net/item/mdcl_3366179_zh?lang=ko
s00000023579001,https://krcare.net/item/mdcl_3366179_zh_tw
s00000023579001,https://krcare.net/item/mdcl_3366179_zh_tw?lang=ko
s00000023579001,https://krcare.net/item/mdcl_3366181_en
s00000023579001,https://krcare.net/item/mdcl_3366181_en?lang=ko
s00000023579001,https://krcare.net/item/mdcl_3366181_ja
s00000023579001,https://krcare.net/item/mdcl_3366181_ja?lang=ko
s00000023579001,https://krcare.net/item/mdcl_3366181_zh
s00000023579001,https://krcare.net/item/mdcl_3366181_zh?lang=ko
s00000023579001,https://krcare.net/item/mdcl_3366181_zh_tw
s00000023579001,https://krcare.net/item/mdcl_3366181_zh_tw?lang=ko
s00000023579001,https://krcare.net/item/mdcl_3366186_en
s00000023579001,https://krcare.net/item/mdcl_3366186_en?lang=ko
s00000023579001,https://krcare.net/item/mdcl_3366186_ja
s00000023579001,https://krcare.net/item/mdcl_3366186_ja?lang=ko
s00000023579001,https://krcare.net/item/mdcl_3366186_zh
s00000023579001,https://krcare.net/item/mdcl_3366186_zh?lang=ko
s00000023579001,https://krcare.net/item/mdcl_3366186_zh_tw
s00000023579001,https://krcare.net/item/mdcl_3366186_zh_tw?lang=ko
s00000023579001,https://krcare.net/item/mdcl_3366188_en
s00000023579001,https://krcare.net/item/mdcl_3366188_en?lang=ko
s00000023579001,https://krcare.net/item/mdcl_3366188_ja
s00000023579001,https://krcare.net/item/mdcl_3366188_ja?lang=ko
s00000023579001,https://krcare.net/item/mdcl_3366188_zh
s00000023579001,https://krcare.net/item/mdcl_3366188_zh?lang=ko
s00000023579001,https://krcare.net/item/mdcl_3366188_zh_tw
s00000023579001,https://krcare.net/item/mdcl_3366188_zh_tw?lang=ko
s00000023579001,https://krcare.net/item/mdcl_3366193_en
s00000023579001,https://krcare.net/item/mdcl_3366193_en?lang=ko
s00000023579001,https://krcare.net/item/mdcl_3366193_ja
s00000023579001,https://krcare.net/item/mdcl_3366193_ja?lang=ko
s00000023579001,https://krcare.net/item/mdcl_3366193_zh
s00000023579001,https://krcare.net/item/mdcl_3366193_zh?lang=ko
s00000023579001,https://krcare.net/item/mdcl_3366193_zh_tw
s00000023579001,https://krcare.net/item/mdcl_3366193_zh_tw?lang=ko
s00000023579001,https://krcare.net/item/mdcl_3366195_en
s00000023579001,https://krcare.net/item/mdcl_3366195_en?lang=ko
s00000023579001,https://krcare.net/item/mdcl_3366195_ja
s00000023579001,https://krcare.net/item/mdcl_3366195_ja?lang=ko
s00000023579001,https://krcare.net/item/mdcl_3366195_zh
s00000023579001,https://krcare.net/item/mdcl_3366195_zh?lang=ko
s00000023579001,https://krcare.net/item/mdcl_3366195_zh_tw
s00000023579001,https://krcare.net/item/mdcl_3366195_zh_tw?lang=ko
s00000023579001,https://krcare.net/item/mdcl_3366217_en
s00000023579001,https://krcare.net/item/mdcl_3366217_en?lang=ko
s00000023579001,https://krcare.net/item/mdcl_3366217_ja
s00000023579001,https://krcare.net/item/mdcl_3366217_ja?lang=ko
s00000023579001,https://krcare.net/item/mdcl_3366217_zh
s00000023579001,https://krcare.net/item/mdcl_3366217_zh?lang=ko
s00000023579001,https://krcare.net/item/mdcl_3366217_zh_tw
s00000023579001,https://krcare.net/item/mdcl_3366217_zh_tw?lang=ko
s00000023579001,https://krcare.net/item/mdcl_3366236_en
s00000023579001,https://krcare.net/item/mdcl_3366236_en?lang=ko
s00000023579001,https://krcare.net/item/mdcl_3366236_ja
s00000023579001,https://krcare.net/item/mdcl_3366236_ja?lang=ko
s00000023579001,https://krcare.net/item/mdcl_3366236_zh
s00000023579001,https://krcare.net/item/mdcl_3366236_zh?lang=ko
s00000023579001,https://krcare.net/item/mdcl_3366236_zh_tw
s00000023579001,https://krcare.net/item/mdcl_3366236_zh_tw?lang=ko
s00000023579001,https://krcare.net/item/mdcl_3366241_en
s00000023579001,https://krcare.net/item/mdcl_3366241_en?lang=ko
s00000023579001,https://krcare.net/item/mdcl_3366241_ja
s00000023579001,https://krcare.net/item/mdcl_3366241_ja?lang=ko
s00000023579001,https://krcare.net/item/mdcl_3366241_zh
s00000023579001,https://krcare.net/item/mdcl_3366241_zh?lang=ko
s00000023579001,https://krcare.net/item/mdcl_3366241_zh_tw
s00000023579001,https://krcare.net/item/mdcl_3366241_zh_tw?lang=ko
s00000023579001,https://krcare.net/item/mdcl_3366242_en
s00000023579001,https://krcare.net/item/mdcl_3366242_en?lang=ko
s00000023579001,https://krcare.net/item/mdcl_3366242_ja
s00000023579001,https://krcare.net/item/mdcl_3366242_ja?lang=ko
s00000023579001,https://krcare.net/item/mdcl_3366242_zh
s00000023579001,https://krcare.net/item/mdcl_3366242_zh?lang=ko
s00000023579001,https://krcare.net/item/mdcl_3366242_zh_tw
s00000023579001,https://krcare.net/item/mdcl_3366242_zh_tw?lang=ko
s00000023579001,https://krcare.net/item/mdcl_3366246_en
s00000023579001,https://krcare.net/item/mdcl_3366246_en?lang=ko
s00000023579001,https://krcare.net/item/mdcl_3366246_ja
s00000023579001,https://krcare.net/item/mdcl_3366246_ja?lang=ko
s00000023579001,https://krcare.net/item/mdcl_3366246_zh
s00000023579001,https://krcare.net/item/mdcl_3366246_zh?lang=ko
s00000023579001,https://krcare.net/item/mdcl_3366246_zh_tw
s00000023579001,https://krcare.net/item/mdcl_3366246_zh_tw?lang=ko
s00000023579001,https://krcare.net/item/mdcl_3366252_en
s00000023579001,https://krcare.net/item/mdcl_3366252_en?lang=ko
s00000023579001,https://krcare.net/item/mdcl_3366252_ja
s00000023579001,https://krcare.net/item/mdcl_3366252_ja?lang=ko
s00000023579001,https://krcare.net/item/mdcl_3366252_zh
s00000023579001,https://krcare.net/item/mdcl_3366252_zh?lang=ko
s00000023579001,https://krcare.net/item/mdcl_3366252_zh_tw
s00000023579001,https://krcare.net/item/mdcl_3366252_zh_tw?lang=ko
s00000023579001,https://krcare.net/item/mdcl_3366265_en
s00000023579001,https://krcare.net/item/mdcl_3366265_en?lang=ko
s00000023579001,https://krcare.net/item/mdcl_3366265_ja
s00000023579001,https://krcare.net/item/mdcl_3366265_ja?lang=ko
s00000023579001,https://krcare.net/item/mdcl_3366265_zh
s00000023579001,https://krcare.net/item/mdcl_3366265_zh?lang=ko
s00000023579001,https://krcare.net/item/mdcl_3366265_zh_tw
s00000023579001,https://krcare.net/item/mdcl_3366265_zh_tw?lang=ko
s00000023579001,https://krcare.net/item/mdcl_3366266_en
s00000023579001,https://krcare.net/item/mdcl_3366266_en?lang=ko
s00000023579001,https://krcare.net/item/mdcl_3366266_ja
s00000023579001,https://krcare.net/item/mdcl_3366266_ja?lang=ko
s00000023579001,https://krcare.net/item/mdcl_3366266_zh
s00000023579001,https://krcare.net/item/mdcl_3366266_zh?lang=ko
s00000023579001,https://krcare.net/item/mdcl_3366266_zh_tw
s00000023579001,https://krcare.net/item/mdcl_3366266_zh_tw?lang=ko
s00000023579001,https://krcare.net/item/mdcl_3366336_en
s00000023579001,https://krcare.net/item/mdcl_3366336_en?lang=ko
s00000023579001,https://krcare.net/item/mdcl_3366336_ja
s00000023579001,https://krcare.net/item/mdcl_3366336_ja?lang=ko
s00000023579001,https://krcare.net/item/mdcl_3366336_zh
s00000023579001,https://krcare.net/item/mdcl_3366336_zh?lang=ko
s00000023579001,https://krcare.net/item/mdcl_3366336_zh_tw
s00000023579001,https://krcare.net/item/mdcl_3366336_zh_tw?lang=ko
s00000023579001,https://krcare.net/item/mdcl_3366347_en
s00000023579001,https://krcare.net/item/mdcl_3366347_en?lang=ko
s00000023579001,https://krcare.net/item/mdcl_3366347_ja
s00000023579001,https://krcare.net/item/mdcl_3366347_ja?lang=ko
s00000023579001,https://krcare.net/item/mdcl_3366347_zh
s00000023579001,https://krcare.net/item/mdcl_3366347_zh?lang=ko
s00000023579001,https://krcare.net/item/mdcl_3366347_zh_tw
s00000023579001,https://krcare.net/item/mdcl_3366347_zh_tw?lang=ko
s00000023579001,https://krcare.net/item/mdcl_3366398_en
s00000023579001,https://krcare.net/item/mdcl_3366398_en?lang=ko
s00000023579001,https://krcare.net/item/mdcl_3366398_ja
s00000023579001,https://krcare.net/item/mdcl_3366398_ja?lang=ko
s00000023579001,https://krcare.net/item/mdcl_3366398_zh
s00000023579001,https://krcare.net/item/mdcl_3366398_zh?lang=ko
s00000023579001,https://krcare.net/item/mdcl_3366398_zh_tw
s00000023579001,https://krcare.net/item/mdcl_3366398_zh_tw?lang=ko
s00000023579001,https://krcare.net/item/mdcl_3366399_en
s00000023579001,https://krcare.net/item/mdcl_3366399_en?lang=ko
s00000023579001,https://krcare.net/item/mdcl_3366399_ja
s00000023579001,https://krcare.net/item/mdcl_3366399_ja?lang=ko
s00000023579001,https://krcare.net/item/mdcl_3366399_zh
s00000023579001,https://krcare.net/item/mdcl_3366399_zh?lang=ko
s00000023579001,https://krcare.net/item/mdcl_3366399_zh_tw
s00000023579001,https://krcare.net/item/mdcl_3366399_zh_tw?lang=ko
s00000023579001,https://krcare.net/item/mdcl_3366418_en
s00000023579001,https://krcare.net/item/mdcl_3366418_en?lang=ko
s00000023579001,https://krcare.net/item/mdcl_3366418_ja
s00000023579001,https://krcare.net/item/mdcl_3366418_ja?lang=ko
s00000023579001,https://krcare.net/item/mdcl_3366418_zh
s00000023579001,https://krcare.net/item/mdcl_3366418_zh?lang=ko
s00000023579001,https://krcare.net/item/mdcl_3366418_zh_tw
s00000023579001,https://krcare.net/item/mdcl_3366418_zh_tw?lang=ko
s00000023579001,https://krcare.net/item/mdcl_3366432_en
s00000023579001,https://krcare.net/item/mdcl_3366432_en?lang=ko
s00000023579001,https://krcare.net/item/mdcl_3366432_ja
s00000023579001,https://krcare.net/item/mdcl_3366432_ja?lang=ko
s00000023579001,https://krcare.net/item/mdcl_3366432_zh
s00000023579001,https://krcare.net/item/mdcl_3366432_zh?lang=ko
s00000023579001,https://krcare.net/item/mdcl_3366432_zh_tw
s00000023579001,https://krcare.net/item/mdcl_3366432_zh_tw?lang=ko
s00000023579001,https://krcare.net/item/mdcl_3366449_en
s00000023579001,https://krcare.net/item/mdcl_3366449_en?lang=ko
s00000023579001,https://krcare.net/item/mdcl_3366449_ja
s00000023579001,https://krcare.net/item/mdcl_3366449_ja?lang=ko
s00000023579001,https://krcare.net/item/mdcl_3366449_zh
s00000023579001,https://krcare.net/item/mdcl_3366449_zh?lang=ko
s00000023579001,https://krcare.net/item/mdcl_3366449_zh_tw
s00000023579001,https://krcare.net/item/mdcl_3366449_zh_tw?lang=ko
s00000023579001,https://krcare.net/item/mdcl_3366468_en
s00000023579001,https://krcare.net/item/mdcl_3366468_en?lang=ko
s00000023579001,https://krcare.net/item/mdcl_3366468_ja
s00000023579001,https://krcare.net/item/mdcl_3366468_ja?lang=ko
s00000023579001,https://krcare.net/item/mdcl_3366468_zh
s00000023579001,https://krcare.net/item/mdcl_3366468_zh?lang=ko
s00000023579001,https://krcare.net/item/mdcl_3366468_zh_tw
s00000023579001,https://krcare.net/item/mdcl_3366468_zh_tw?lang=ko
s00000023579001,https://krcare.net/item/mdcl_3366484_en
s00000023579001,https://krcare.net/item/mdcl_3366484_en?lang=ko
s00000023579001,https://krcare.net/item/mdcl_3366484_ja
s00000023579001,https://krcare.net/item/mdcl_3366484_ja?lang=ko
s00000023579001,https://krcare.net/item/mdcl_3366484_zh
s00000023579001,https://krcare.net/item/mdcl_3366484_zh?lang=ko
s00000023579001,https://krcare.net/item/mdcl_3366484_zh_tw
s00000023579001,https://krcare.net/item/mdcl_3366484_zh_tw?lang=ko
s00000023579001,https://krcare.net/item/mdcl_3366498_en
s00000023579001,https://krcare.net/item/mdcl_3366498_en?lang=ko
s00000023579001,https://krcare.net/item/mdcl_3366498_ja
s00000023579001,https://krcare.net/item/mdcl_3366498_ja?lang=ko
s00000023579001,https://krcare.net/item/mdcl_3366498_zh
s00000023579001,https://krcare.net/item/mdcl_3366498_zh?lang=ko
s00000023579001,https://krcare.net/item/mdcl_3366498_zh_tw
s00000023579001,https://krcare.net/item/mdcl_3366498_zh_tw?lang=ko
s00000023579001,https://krcare.net/item/mdcl_3366506_en
s00000023579001,https://krcare.net/item/mdcl_3366506_en?lang=ko
s00000023579001,https://krcare.net/item/mdcl_3366506_ja
s00000023579001,https://krcare.net/item/mdcl_3366506_ja?lang=ko
s00000023579001,https://krcare.net/item/mdcl_3366506_zh
s00000023579001,https://krcare.net/item/mdcl_3366506_zh?lang=ko
s00000023579001,https://krcare.net/item/mdcl_3366506_zh_tw
s00000023579001,https://krcare.net/item/mdcl_3366506_zh_tw?lang=ko
s00000023579001,https://krcare.net/item/mdcl_3366511_en
s00000023579001,https://krcare.net/item/mdcl_3366511_en?lang=ko
s00000023579001,https://krcare.net/item/mdcl_3366511_ja
s00000023579001,https://krcare.net/item/mdcl_3366511_ja?lang=ko
s00000023579001,https://krcare.net/item/mdcl_3366511_zh
s00000023579001,https://krcare.net/item/mdcl_3366511_zh?lang=ko
s00000023579001,https://krcare.net/item/mdcl_3366511_zh_tw
s00000023579001,https://krcare.net/item/mdcl_3366511_zh_tw?lang=ko
s00000023579001,https://krcare.net/item/mdcl_3366551_en
s00000023579001,https://krcare.net/item/mdcl_3366551_en?lang=ko
s00000023579001,https://krcare.net/item/mdcl_3366551_ja
s00000023579001,https://krcare.net/item/mdcl_3366551_ja?lang=ko
s00000023579001,https://krcare.net/item/mdcl_3366551_zh
s00000023579001,https://krcare.net/item/mdcl_3366551_zh?lang=ko
s00000023579001,https://krcare.net/item/mdcl_3366551_zh_tw
s00000023579001,https://krcare.net/item/mdcl_3366551_zh_tw?lang=ko
s00000023579001,https://krcare.net/item/mdcl_3366568_en
s00000023579001,https://krcare.net/item/mdcl_3366568_en?lang=ko
s00000023579001,https://krcare.net/item/mdcl_3366568_ja
s00000023579001,https://krcare.net/item/mdcl_3366568_ja?lang=ko
s00000023579001,https://krcare.net/item/mdcl_3366568_zh
s00000023579001,https://krcare.net/item/mdcl_3366568_zh?lang=ko
s00000023579001,https://krcare.net/item/mdcl_3366568_zh_tw
s00000023579001,https://krcare.net/item/mdcl_3366568_zh_tw?lang=ko
s00000023579001,https://krcare.net/item/mdcl_3366570_en
s00000023579001,https://krcare.net/item/mdcl_3366570_en?lang=ko
s00000023579001,https://krcare.net/item/mdcl_3366570_ja
s00000023579001,https://krcare.net/item/mdcl_3366570_ja?lang=ko
s00000023579001,https://krcare.net/item/mdcl_3366570_zh
s00000023579001,https://krcare.net/item/mdcl_3366570_zh?lang=ko
s00000023579001,https://krcare.net/item/mdcl_3366570_zh_tw
s00000023579001,https://krcare.net/item/mdcl_3366570_zh_tw?lang=ko
s00000023579001,https://krcare.net/item/mdcl_3366638_en
s00000023579001,https://krcare.net/item/mdcl_3366638_en?lang=ko
s00000023579001,https://krcare.net/item/mdcl_3366638_ja
s00000023579001,https://krcare.net/item/mdcl_3366638_ja?lang=ko
s00000023579001,https://krcare.net/item/mdcl_3366638_zh
s00000023579001,https://krcare.net/item/mdcl_3366638_zh?lang=ko
s00000023579001,https://krcare.net/item/mdcl_3366638_zh_tw
s00000023579001,https://krcare.net/item/mdcl_3366638_zh_tw?lang=ko
s00000023579001,https://krcare.net/item/mdcl_3366684_en
s00000023579001,https://krcare.net/item/mdcl_3366684_en?lang=ko
s00000023579001,https://krcare.net/item/mdcl_3366684_ja
s00000023579001,https://krcare.net/item/mdcl_3366684_ja?lang=ko
s00000023579001,https://krcare.net/item/mdcl_3366684_zh
s00000023579001,https://krcare.net/item/mdcl_3366684_zh?lang=ko
s00000023579001,https://krcare.net/item/mdcl_3366684_zh_tw
s00000023579001,https://krcare.net/item/mdcl_3366684_zh_tw?lang=ko
s00000023579001,https://krcare.net/item/mdcl_3366754_en
s00000023579001,https://krcare.net/item/mdcl_3366754_en?lang=ko
s00000023579001,https://krcare.net/item/mdcl_3366754_ja
s00000023579001,https://krcare.net/item/mdcl_3366754_ja?lang=ko
s00000023579001,https://krcare.net/item/mdcl_3366754_zh
s00000023579001,https://krcare.net/item/mdcl_3366754_zh?lang=ko
s00000023579001,https://krcare.net/item/mdcl_3366754_zh_tw
s00000023579001,https://krcare.net/item/mdcl_3366754_zh_tw?lang=ko
s00000023579001,https://krcare.net/item/mdcl_3366798_en
s00000023579001,https://krcare.net/item/mdcl_3366798_en?lang=ko
s00000023579001,https://krcare.net/item/mdcl_3366798_ja
s00000023579001,https://krcare.net/item/mdcl_3366798_ja?lang=ko
s00000023579001,https://krcare.net/item/mdcl_3366798_zh
s00000023579001,https://krcare.net/item/mdcl_3366798_zh?lang=ko
s00000023579001,https://krcare.net/item/mdcl_3366798_zh_tw
s00000023579001,https://krcare.net/item/mdcl_3366798_zh_tw?lang=ko
s00000023579001,https://krcare.net/item/mdcl_3366829_en
s00000023579001,https://krcare.net/item/mdcl_3366829_en?lang=ko
s00000023579001,https://krcare.net/item/mdcl_3366829_ja
s00000023579001,https://krcare.net/item/mdcl_3366829_ja?lang=ko
s00000023579001,https://krcare.net/item/mdcl_3366829_zh
s00000023579001,https://krcare.net/item/mdcl_3366829_zh?lang=ko
s00000023579001,https://krcare.net/item/mdcl_3366829_zh_tw
s00000023579001,https://krcare.net/item/mdcl_3366829_zh_tw?lang=ko
s00000023579001,https://krcare.net/item/mdcl_3366963_en
s00000023579001,https://krcare.net/item/mdcl_3366963_en?lang=ko
s00000023579001,https://krcare.net/item/mdcl_3366963_ja
s00000023579001,https://krcare.net/item/mdcl_3366963_ja?lang=ko
s00000023579001,https://krcare.net/item/mdcl_3366963_zh
s00000023579001,https://krcare.net/item/mdcl_3366963_zh?lang=ko
s00000023579001,https://krcare.net/item/mdcl_3366963_zh_tw
s00000023579001,https://krcare.net/item/mdcl_3366963_zh_tw?lang=ko
s00000023579001,https://krcare.net/item/mdcl_3367054_en
s00000023579001,https://krcare.net/item/mdcl_3367054_en?lang=ko
s00000023579001,https://krcare.net/item/mdcl_3367054_ja
s00000023579001,https://krcare.net/item/mdcl_3367054_ja?lang=ko
s00000023579001,https://krcare.net/item/mdcl_3367054_zh
s00000023579001,https://krcare.net/item/mdcl_3367054_zh?lang=ko
s00000023579001,https://krcare.net/item/mdcl_3367054_zh_tw
s00000023579001,https://krcare.net/item/mdcl_3367054_zh_tw?lang=ko
s00000023579001,https://krcare.net/item/mdcl_3367085_en
s00000023579001,https://krcare.net/item/mdcl_3367085_en?lang=ko
s00000023579001,https://krcare.net/item/mdcl_3367085_ja
s00000023579001,https://krcare.net/item/mdcl_3367085_ja?lang=ko
s00000023579001,https://krcare.net/item/mdcl_3367085_zh
s00000023579001,https://krcare.net/item/mdcl_3367085_zh?lang=ko
s00000023579001,https://krcare.net/item/mdcl_3367085_zh_tw
s00000023579001,https://krcare.net/item/mdcl_3367085_zh_tw?lang=ko
s00000023579001,https://krcare.net/item/mdcl_3367119_en
s00000023579001,https://krcare.net/item/mdcl_3367119_en?lang=ko
s00000023579001,https://krcare.net/item/mdcl_3367119_ja
s00000023579001,https://krcare.net/item/mdcl_3367119_ja?lang=ko
s00000023579001,https://krcare.net/item/mdcl_3367119_zh
s00000023579001,https://krcare.net/item/mdcl_3367119_zh?lang=ko
s00000023579001,https://krcare.net/item/mdcl_3367119_zh_tw
s00000023579001,https://krcare.net/item/mdcl_3367119_zh_tw?lang=ko
s00000023579001,https://krcare.net/item/mdcl_3367146_en
s00000023579001,https://krcare.net/item/mdcl_3367146_en?lang=ko
s00000023579001,https://krcare.net/item/mdcl_3367146_ja
s00000023579001,https://krcare.net/item/mdcl_3367146_ja?lang=ko
s00000023579001,https://krcare.net/item/mdcl_3367146_zh
s00000023579001,https://krcare.net/item/mdcl_3367146_zh?lang=ko
s00000023579001,https://krcare.net/item/mdcl_3367146_zh_tw
s00000023579001,https://krcare.net/item/mdcl_3367146_zh_tw?lang=ko
s00000023579001,https://krcare.net/item/mdcl_3367207_en
s00000023579001,https://krcare.net/item/mdcl_3367207_en?lang=ko
s00000023579001,https://krcare.net/item/mdcl_3367207_ja
s00000023579001,https://krcare.net/item/mdcl_3367207_ja?lang=ko
s00000023579001,https://krcare.net/item/mdcl_3367207_zh
s00000023579001,https://krcare.net/item/mdcl_3367207_zh?lang=ko
s00000023579001,https://krcare.net/item/mdcl_3367207_zh_tw
s00000023579001,https://krcare.net/item/mdcl_3367207_zh_tw?lang=ko
s00000023579001,https://krcare.net/item/mdcl_3367337_en
s00000023579001,https://krcare.net/item/mdcl_3367337_en?lang=ko
s00000023579001,https://krcare.net/item/mdcl_3367337_ja
s00000023579001,https://krcare.net/item/mdcl_3367337_ja?lang=ko
s00000023579001,https://krcare.net/item/mdcl_3367337_zh
s00000023579001,https://krcare.net/item/mdcl_3367337_zh?lang=ko
s00000023579001,https://krcare.net/item/mdcl_3367337_zh_tw
s00000023579001,https://krcare.net/item/mdcl_3367337_zh_tw?lang=ko
s00000023579001,https://krcare.net/item/mdcl_3367379_en
s00000023579001,https://krcare.net/item/mdcl_3367379_en?lang=ko
s00000023579001,https://krcare.net/item/mdcl_3367379_ja
s00000023579001,https://krcare.net/item/mdcl_3367379_ja?lang=ko
s00000023579001,https://krcare.net/item/mdcl_3367379_zh
s00000023579001,https://krcare.net/item/mdcl_3367379_zh?lang=ko
s00000023579001,https://krcare.net/item/mdcl_3367379_zh_tw
s00000023579001,https://krcare.net/item/mdcl_3367379_zh_tw?lang=ko
s00000023579001,https://krcare.net/item/mdcl_3367406_en
s00000023579001,https://krcare.net/item/mdcl_3367406_en?lang=ko
s00000023579001,https://krcare.net/item/mdcl_3367406_ja
s00000023579001,https://krcare.net/item/mdcl_3367406_ja?lang=ko
s00000023579001,https://krcare.net/item/mdcl_3367406_zh
s00000023579001,https://krcare.net/item/mdcl_3367406_zh?lang=ko
s00000023579001,https://krcare.net/item/mdcl_3367406_zh_tw
s00000023579001,https://krcare.net/item/mdcl_3367406_zh_tw?lang=ko
s00000023579001,https://krcare.net/item/mdcl_3367418_en
s00000023579001,https://krcare.net/item/mdcl_3367418_en?lang=ko
s00000023579001,https://krcare.net/item/mdcl_3367418_ja
s00000023579001,https://krcare.net/item/mdcl_3367418_ja?lang=ko
s00000023579001,https://krcare.net/item/mdcl_3367418_zh
s00000023579001,https://krcare.net/item/mdcl_3367418_zh?lang=ko
s00000023579001,https://krcare.net/item/mdcl_3367418_zh_tw
s00000023579001,https://krcare.net/item/mdcl_3367418_zh_tw?lang=ko
s00000023579001,https://krcare.net/item/mdcl_3367441_en
s00000023579001,https://krcare.net/item/mdcl_3367441_en?lang=ko
s00000023579001,https://krcare.net/item/mdcl_3367441_ja
s00000023579001,https://krcare.net/item/mdcl_3367441_ja?lang=ko
s00000023579001,https://krcare.net/item/mdcl_3367441_zh
s00000023579001,https://krcare.net/item/mdcl_3367441_zh?lang=ko
s00000023579001,https://krcare.net/item/mdcl_3367441_zh_tw
s00000023579001,https://krcare.net/item/mdcl_3367441_zh_tw?lang=ko
s00000023579001,https://krcare.net/item/mdcl_3367466_en
s00000023579001,https://krcare.net/item/mdcl_3367466_en?lang=ko
s00000023579001,https://krcare.net/item/mdcl_3367466_ja
s00000023579001,https://krcare.net/item/mdcl_3367466_ja?lang=ko
s00000023579001,https://krcare.net/item/mdcl_3367466_zh
s00000023579001,https://krcare.net/item/mdcl_3367466_zh?lang=ko
s00000023579001,https://krcare.net/item/mdcl_3367466_zh_tw
s00000023579001,https://krcare.net/item/mdcl_3367466_zh_tw?lang=ko
s00000023579001,https://krcare.net/item/mdcl_3367550_en
s00000023579001,https://krcare.net/item/mdcl_3367550_en?lang=ko
s00000023579001,https://krcare.net/item/mdcl_3367550_ja
s00000023579001,https://krcare.net/item/mdcl_3367550_ja?lang=ko
s00000023579001,https://krcare.net/item/mdcl_3367550_zh
s00000023579001,https://krcare.net/item/mdcl_3367550_zh?lang=ko
s00000023579001,https://krcare.net/item/mdcl_3367550_zh_tw
s00000023579001,https://krcare.net/item/mdcl_3367550_zh_tw?lang=ko
s00000023579001,https://krcare.net/item/mdcl_3367607_en
s00000023579001,https://krcare.net/item/mdcl_3367607_en?lang=ko
s00000023579001,https://krcare.net/item/mdcl_3367607_ja
s00000023579001,https://krcare.net/item/mdcl_3367607_ja?lang=ko
s00000023579001,https://krcare.net/item/mdcl_3367607_zh
s00000023579001,https://krcare.net/item/mdcl_3367607_zh?lang=ko
s00000023579001,https://krcare.net/item/mdcl_3367607_zh_tw
s00000023579001,https://krcare.net/item/mdcl_3367607_zh_tw?lang=ko
s00000023579001,https://krcare.net/item/mdcl_3367727_en
s00000023579001,https://krcare.net/item/mdcl_3367727_en?lang=ko
s00000023579001,https://krcare.net/item/mdcl_3367727_ja
s00000023579001,https://krcare.net/item/mdcl_3367727_ja?lang=ko
s00000023579001,https://krcare.net/item/mdcl_3367727_zh
s00000023579001,https://krcare.net/item/mdcl_3367727_zh?lang=ko
s00000023579001,https://krcare.net/item/mdcl_3367727_zh_tw
s00000023579001,https://krcare.net/item/mdcl_3367727_zh_tw?lang=ko
s00000023579001,https://krcare.net/item/mdcl_3367754_en
s00000023579001,https://krcare.net/item/mdcl_3367754_en?lang=ko
s00000023579001,https://krcare.net/item/mdcl_3367754_ja
s00000023579001,https://krcare.net/item/mdcl_3367754_ja?lang=ko
s00000023579001,https://krcare.net/item/mdcl_3367754_zh
s00000023579001,https://krcare.net/item/mdcl_3367754_zh?lang=ko
s00000023579001,https://krcare.net/item/mdcl_3367754_zh_tw
s00000023579001,https://krcare.net/item/mdcl_3367754_zh_tw?lang=ko
s00000023579001,https://krcare.net/item/mdcl_3441357_en
s00000023579001,https://krcare.net/item/mdcl_3441357_en?lang=ko
s00000023579001,https://krcare.net/item/mdcl_3441357_ja
s00000023579001,https://krcare.net/item/mdcl_3441357_ja?lang=ko
s00000023579001,https://krcare.net/item/mdcl_3441357_zh
s00000023579001,https://krcare.net/item/mdcl_3441357_zh?lang=ko
s00000023579001,https://krcare.net/item/mdcl_3441357_zh_tw
s00000023579001,https://krcare.net/item/mdcl_3441357_zh_tw?lang=ko
s00000023579001,https://krcare.net/item/mdcl_3441413_en
s00000023579001,https://krcare.net/item/mdcl_3441413_en?lang=ko
s00000023579001,https://krcare.net/item/mdcl_3441413_ja
s00000023579001,https://krcare.net/item/mdcl_3441413_ja?lang=ko
s00000023579001,https://krcare.net/item/mdcl_3441413_zh
s00000023579001,https://krcare.net/item/mdcl_3441413_zh?lang=ko
s00000023579001,https://krcare.net/item/mdcl_3441413_zh_tw
s00000023579001,https://krcare.net/item/mdcl_3441413_zh_tw?lang=ko
s00000023579001,https://krcare.net/item/mdcl_3441455_en
s00000023579001,https://krcare.net/item/mdcl_3441455_en?lang=ko
s00000023579001,https://krcare.net/item/mdcl_3441455_ja
s00000023579001,https://krcare.net/item/mdcl_3441455_ja?lang=ko
s00000023579001,https://krcare.net/item/mdcl_3441455_zh
s00000023579001,https://krcare.net/item/mdcl_3441455_zh?lang=ko
s00000023579001,https://krcare.net/item/mdcl_3441455_zh_tw
s00000023579001,https://krcare.net/item/mdcl_3441455_zh_tw?lang=ko
s00000023579001,https://krcare.net/item/mdcl_3441496_en
s00000023579001,https://krcare.net/item/mdcl_3441496_en?lang=ko
s00000023579001,https://krcare.net/item/mdcl_3441496_ja
s00000023579001,https://krcare.net/item/mdcl_3441496_ja?lang=ko
s00000023579001,https://krcare.net/item/mdcl_3441496_zh
s00000023579001,https://krcare.net/item/mdcl_3441496_zh?lang=ko
s00000023579001,https://krcare.net/item/mdcl_3441496_zh_tw
s00000023579001,https://krcare.net/item/mdcl_3441496_zh_tw?lang=ko
s00000023579001,https://krcare.net/item/mdcl_3441533_en
s00000023579001,https://krcare.net/item/mdcl_3441533_en?lang=ko
s00000023579001,https://krcare.net/item/mdcl_3441533_ja
s00000023579001,https://krcare.net/item/mdcl_3441533_ja?lang=ko
s00000023579001,https://krcare.net/item/mdcl_3441533_zh
s00000023579001,https://krcare.net/item/mdcl_3441533_zh?lang=ko
s00000023579001,https://krcare.net/item/mdcl_3441533_zh_tw
s00000023579001,https://krcare.net/item/mdcl_3441533_zh_tw?lang=ko
s00000023579001,https://krcare.net/item/mdcl_3441540_en
s00000023579001,https://krcare.net/item/mdcl_3441540_en?lang=ko
s00000023579001,https://krcare.net/item/mdcl_3441540_ja
s00000023579001,https://krcare.net/item/mdcl_3441540_ja?lang=ko
s00000023579001,https://krcare.net/item/mdcl_3441540_zh
s00000023579001,https://krcare.net/item/mdcl_3441540_zh?lang=ko
s00000023579001,https://krcare.net/item/mdcl_3441540_zh_tw
s00000023579001,https://krcare.net/item/mdcl_3441540_zh_tw?lang=ko
s00000023579001,https://krcare.net/item/mdcl_3441544_en
s00000023579001,https://krcare.net/item/mdcl_3441544_en?lang=ko
s00000023579001,https://krcare.net/item/mdcl_3441544_ja
s00000023579001,https://krcare.net/item/mdcl_3441544_ja?lang=ko
s00000023579001,https://krcare.net/item/mdcl_3441544_zh
s00000023579001,https://krcare.net/item/mdcl_3441544_zh?lang=ko
s00000023579001,https://krcare.net/item/mdcl_3441544_zh_tw
s00000023579001,https://krcare.net/item/mdcl_3441544_zh_tw?lang=ko
s00000023579001,https://krcare.net/item/mdcl_3446967_en
s00000023579001,https://krcare.net/item/mdcl_3446967_en?lang=ko
s00000023579001,https://krcare.net/item/mdcl_3446967_ja
s00000023579001,https://krcare.net/item/mdcl_3446967_ja?lang=ko
s00000023579001,https://krcare.net/item/mdcl_3446967_zh
s00000023579001,https://krcare.net/item/mdcl_3446967_zh?lang=ko
s00000023579001,https://krcare.net/item/mdcl_3446967_zh_tw
s00000023579001,https://krcare.net/item/mdcl_3446967_zh_tw?lang=ko
s00000023579001,https://krcare.net/item/mdcl_3447019_en
s00000023579001,https://krcare.net/item/mdcl_3447019_en?lang=ko
s00000023579001,https://krcare.net/item/mdcl_3447019_ja
s00000023579001,https://krcare.net/item/mdcl_3447019_ja?lang=ko
s00000023579001,https://krcare.net/item/mdcl_3447019_zh
s00000023579001,https://krcare.net/item/mdcl_3447019_zh?lang=ko
s00000023579001,https://krcare.net/item/mdcl_3447019_zh_tw
s00000023579001,https://krcare.net/item/mdcl_3447019_zh_tw?lang=ko
s00000023579001,https://krcare.net/item/mdcl_3447081_en
s00000023579001,https://krcare.net/item/mdcl_3447081_en?lang=ko
s00000023579001,https://krcare.net/item/mdcl_3447081_ja
s00000023579001,https://krcare.net/item/mdcl_3447081_ja?lang=ko
s00000023579001,https://krcare.net/item/mdcl_3447081_zh
s00000023579001,https://krcare.net/item/mdcl_3447081_zh?lang=ko
s00000023579001,https://krcare.net/item/mdcl_3447081_zh_tw
s00000023579001,https://krcare.net/item/mdcl_3447081_zh_tw?lang=ko
s00000023579001,https://krcare.net/item/mdcl_3447106_en
s00000023579001,https://krcare.net/item/mdcl_3447106_en?lang=ko
s00000023579001,https://krcare.net/item/mdcl_3447106_ja
s00000023579001,https://krcare.net/item/mdcl_3447106_ja?lang=ko
s00000023579001,https://krcare.net/item/mdcl_3447106_zh
s00000023579001,https://krcare.net/item/mdcl_3447106_zh?lang=ko
s00000023579001,https://krcare.net/item/mdcl_3447106_zh_tw
s00000023579001,https://krcare.net/item/mdcl_3447106_zh_tw?lang=ko
s00000023579001,https://krcare.net/item/mdcl_3448339_en
s00000023579001,https://krcare.net/item/mdcl_3448339_en?lang=ko
s00000023579001,https://krcare.net/item/mdcl_3448339_ja
s00000023579001,https://krcare.net/item/mdcl_3448339_ja?lang=ko
s00000023579001,https://krcare.net/item/mdcl_3448339_zh
s00000023579001,https://krcare.net/item/mdcl_3448339_zh?lang=ko
s00000023579001,https://krcare.net/item/mdcl_3448339_zh_tw
s00000023579001,https://krcare.net/item/mdcl_3448339_zh_tw?lang=ko
s00000023579001,https://krcare.net/item/mdcl_3450808_en
s00000023579001,https://krcare.net/item/mdcl_3450808_en?lang=ko
s00000023579001,https://krcare.net/item/mdcl_3450808_ja
s00000023579001,https://krcare.net/item/mdcl_3450808_ja?lang=ko
s00000023579001,https://krcare.net/item/mdcl_3450808_zh
s00000023579001,https://krcare.net/item/mdcl_3450808_zh?lang=ko
s00000023579001,https://krcare.net/item/mdcl_3450808_zh_tw
s00000023579001,https://krcare.net/item/mdcl_3450808_zh_tw?lang=ko
s00000023579001,https://krcare.net/item/mdcl_3450814_en
s00000023579001,https://krcare.net/item/mdcl_3450814_en?lang=ko
s00000023579001,https://krcare.net/item/mdcl_3450814_ja
s00000023579001,https://krcare.net/item/mdcl_3450814_ja?lang=ko
s00000023579001,https://krcare.net/item/mdcl_3450814_zh
s00000023579001,https://krcare.net/item/mdcl_3450814_zh?lang=ko
s00000023579001,https://krcare.net/item/mdcl_3450814_zh_tw
s00000023579001,https://krcare.net/item/mdcl_3450814_zh_tw?lang=ko
s00000023579001,https://krcare.net/item/mdcl_3450820_en
s00000023579001,https://krcare.net/item/mdcl_3450820_en?lang=ko
s00000023579001,https://krcare.net/item/mdcl_3450820_ja
s00000023579001,https://krcare.net/item/mdcl_3450820_ja?lang=ko
s00000023579001,https://krcare.net/item/mdcl_3450820_zh
s00000023579001,https://krcare.net/item/mdcl_3450820_zh?lang=ko
s00000023579001,https://krcare.net/item/mdcl_3450820_zh_tw
s00000023579001,https://krcare.net/item/mdcl_3450820_zh_tw?lang=ko
s00000023579001,https://krcare.net/item/mdcl_3450849_en
s00000023579001,https://krcare.net/item/mdcl_3450849_en?lang=ko
s00000023579001,https://krcare.net/item/mdcl_3450849_ja
s00000023579001,https://krcare.net/item/mdcl_3450849_ja?lang=ko
s00000023579001,https://krcare.net/item/mdcl_3450849_zh
s00000023579001,https://krcare.net/item/mdcl_3450849_zh?lang=ko
s00000023579001,https://krcare.net/item/mdcl_3450849_zh_tw
s00000023579001,https://krcare.net/item/mdcl_3450849_zh_tw?lang=ko
s00000023579001,https://krcare.net/item/mdcl_3450964_en
s00000023579001,https://krcare.net/item/mdcl_3450964_en?lang=ko
s00000023579001,https://krcare.net/item/mdcl_3450964_ja
s00000023579001,https://krcare.net/item/mdcl_3450964_ja?lang=ko
s00000023579001,https://krcare.net/item/mdcl_3450964_zh
s00000023579001,https://krcare.net/item/mdcl_3450964_zh?lang=ko
s00000023579001,https://krcare.net/item/mdcl_3450964_zh_tw
s00000023579001,https://krcare.net/item/mdcl_3450964_zh_tw?lang=ko
s00000023579001,https://krcare.net/item/mdcl_3451318_en
s00000023579001,https://krcare.net/item/mdcl_3451318_en?lang=ko
s00000023579001,https://krcare.net/item/mdcl_3451318_ja
s00000023579001,https://krcare.net/item/mdcl_3451318_ja?lang=ko
s00000023579001,https://krcare.net/item/mdcl_3451318_zh
s00000023579001,https://krcare.net/item/mdcl_3451318_zh?lang=ko
s00000023579001,https://krcare.net/item/mdcl_3451318_zh_tw
s00000023579001,https://krcare.net/item/mdcl_3451318_zh_tw?lang=ko
s00000023579001,https://krcare.net/item/mdcl_3451537_en
s00000023579001,https://krcare.net/item/mdcl_3451537_en?lang=ko
s00000023579001,https://krcare.net/item/mdcl_3451537_ja
s00000023579001,https://krcare.net/item/mdcl_3451537_ja?lang=ko
s00000023579001,https://krcare.net/item/mdcl_3451537_zh
s00000023579001,https://krcare.net/item/mdcl_3451537_zh?lang=ko
s00000023579001,https://krcare.net/item/mdcl_3451537_zh_tw
s00000023579001,https://krcare.net/item/mdcl_3451537_zh_tw?lang=ko
s00000023579001,https://krcare.net/item/mdcl_3451721_en
s00000023579001,https://krcare.net/item/mdcl_3451721_en?lang=ko
s00000023579001,https://krcare.net/item/mdcl_3451721_ja
s00000023579001,https://krcare.net/item/mdcl_3451721_ja?lang=ko
s00000023579001,https://krcare.net/item/mdcl_3451721_zh
s00000023579001,https://krcare.net/item/mdcl_3451721_zh?lang=ko
s00000023579001,https://krcare.net/item/mdcl_3451721_zh_tw
s00000023579001,https://krcare.net/item/mdcl_3451721_zh_tw?lang=ko
s00000023579001,https://krcare.net/item/mdcl_3451988_en
s00000023579001,https://krcare.net/item/mdcl_3451988_en?lang=ko
s00000023579001,https://krcare.net/item/mdcl_3451988_ja
s00000023579001,https://krcare.net/item/mdcl_3451988_ja?lang=ko
s00000023579001,https://krcare.net/item/mdcl_3451988_zh
s00000023579001,https://krcare.net/item/mdcl_3451988_zh?lang=ko
s00000023579001,https://krcare.net/item/mdcl_3451988_zh_tw
s00000023579001,https://krcare.net/item/mdcl_3451988_zh_tw?lang=ko
s00000023579001,https://krcare.net/item/mdcl_3452019_en
s00000023579001,https://krcare.net/item/mdcl_3452019_en?lang=ko
s00000023579001,https://krcare.net/item/mdcl_3452019_ja
s00000023579001,https://krcare.net/item/mdcl_3452019_ja?lang=ko
s00000023579001,https://krcare.net/item/mdcl_3452019_zh
s00000023579001,https://krcare.net/item/mdcl_3452019_zh?lang=ko
s00000023579001,https://krcare.net/item/mdcl_3452019_zh_tw
s00000023579001,https://krcare.net/item/mdcl_3452019_zh_tw?lang=ko
s00000023579001,https://krcare.net/item/mdcl_3452285_en
s00000023579001,https://krcare.net/item/mdcl_3452285_en?lang=ko
s00000023579001,https://krcare.net/item/mdcl_3452285_ja
s00000023579001,https://krcare.net/item/mdcl_3452285_ja?lang=ko
s00000023579001,https://krcare.net/item/mdcl_3452285_zh
s00000023579001,https://krcare.net/item/mdcl_3452285_zh?lang=ko
s00000023579001,https://krcare.net/item/mdcl_3452285_zh_tw
s00000023579001,https://krcare.net/item/mdcl_3452285_zh_tw?lang=ko
s00000023579001,https://krcare.net/item/mdcl_3453344_en
s00000023579001,https://krcare.net/item/mdcl_3453344_en?lang=ko
s00000023579001,https://krcare.net/item/mdcl_3453344_ja
s00000023579001,https://krcare.net/item/mdcl_3453344_ja?lang=ko
s00000023579001,https://krcare.net/item/mdcl_3453344_zh
s00000023579001,https://krcare.net/item/mdcl_3453344_zh?lang=ko
s00000023579001,https://krcare.net/item/mdcl_3453344_zh_tw
s00000023579001,https://krcare.net/item/mdcl_3453344_zh_tw?lang=ko
s00000023579001,https://krcare.net/item/mdcl_3453435_en
s00000023579001,https://krcare.net/item/mdcl_3453435_en?lang=ko
s00000023579001,https://krcare.net/item/mdcl_3453435_ja
s00000023579001,https://krcare.net/item/mdcl_3453435_ja?lang=ko
s00000023579001,https://krcare.net/item/mdcl_3453435_zh
s00000023579001,https://krcare.net/item/mdcl_3453435_zh?lang=ko
s00000023579001,https://krcare.net/item/mdcl_3453435_zh_tw
s00000023579001,https://krcare.net/item/mdcl_3453435_zh_tw?lang=ko
s00000023579001,https://krcare.net/item/mdcl_3453616_en
s00000023579001,https://krcare.net/item/mdcl_3453616_en?lang=ko
s00000023579001,https://krcare.net/item/mdcl_3453616_ja
s00000023579001,https://krcare.net/item/mdcl_3453616_ja?lang=ko
s00000023579001,https://krcare.net/item/mdcl_3453616_zh
s00000023579001,https://krcare.net/item/mdcl_3453616_zh?lang=ko
s00000023579001,https://krcare.net/item/mdcl_3453616_zh_tw
s00000023579001,https://krcare.net/item/mdcl_3453616_zh_tw?lang=ko
s00000023579001,https://krcare.net/item/mdcl_3453934_en
s00000023579001,https://krcare.net/item/mdcl_3453934_en?lang=ko
s00000023579001,https://krcare.net/item/mdcl_3453934_ja
s00000023579001,https://krcare.net/item/mdcl_3453934_ja?lang=ko
s00000023579001,https://krcare.net/item/mdcl_3453934_zh
s00000023579001,https://krcare.net/item/mdcl_3453934_zh?lang=ko
s00000023579001,https://krcare.net/item/mdcl_3453934_zh_tw
s00000023579001,https://krcare.net/item/mdcl_3453934_zh_tw?lang=ko
s00000023579001,https://krcare.net/item/mdcl_3463820_en
s00000023579001,https://krcare.net/item/mdcl_3463820_en?lang=ko
s00000023579001,https://krcare.net/item/mdcl_3463820_ja
s00000023579001,https://krcare.net/item/mdcl_3463820_ja?lang=ko
s00000023579001,https://krcare.net/item/mdcl_3463820_zh
s00000023579001,https://krcare.net/item/mdcl_3463820_zh?lang=ko
s00000023579001,https://krcare.net/item/mdcl_3463820_zh_tw
s00000023579001,https://krcare.net/item/mdcl_3463820_zh_tw?lang=ko
s00000023579001,https://krcare.net/item/mdcl_3466682_en
s00000023579001,https://krcare.net/item/mdcl_3466682_en?lang=ko
s00000023579001,https://krcare.net/item/mdcl_3466682_ja
s00000023579001,https://krcare.net/item/mdcl_3466682_ja?lang=ko
s00000023579001,https://krcare.net/item/mdcl_3466682_zh
s00000023579001,https://krcare.net/item/mdcl_3466682_zh?lang=ko
s00000023579001,https://krcare.net/item/mdcl_3466682_zh_tw
s00000023579001,https://krcare.net/item/mdcl_3466682_zh_tw?lang=ko
s00000023579001,https://krcare.net/item/mdcl_3466756_en
s00000023579001,https://krcare.net/item/mdcl_3466756_en?lang=ko
s00000023579001,https://krcare.net/item/mdcl_3466756_ja
s00000023579001,https://krcare.net/item/mdcl_3466756_ja?lang=ko
s00000023579001,https://krcare.net/item/mdcl_3466756_zh
s00000023579001,https://krcare.net/item/mdcl_3466756_zh?lang=ko
s00000023579001,https://krcare.net/item/mdcl_3466756_zh_tw
s00000023579001,https://krcare.net/item/mdcl_3466756_zh_tw?lang=ko
s00000023579001,https://krcare.net/item/mdcl_3466847_en
s00000023579001,https://krcare.net/item/mdcl_3466847_en?lang=ko
s00000023579001,https://krcare.net/item/mdcl_3466847_ja
s00000023579001,https://krcare.net/item/mdcl_3466847_ja?lang=ko
s00000023579001,https://krcare.net/item/mdcl_3466847_zh
s00000023579001,https://krcare.net/item/mdcl_3466847_zh?lang=ko
s00000023579001,https://krcare.net/item/mdcl_3466847_zh_tw
s00000023579001,https://krcare.net/item/mdcl_3466847_zh_tw?lang=ko
s00000023579001,https://krcare.net/item/mdcl_3466895_en
s00000023579001,https://krcare.net/item/mdcl_3466895_en?lang=ko
s00000023579001,https://krcare.net/item/mdcl_3466895_ja
s00000023579001,https://krcare.net/item/mdcl_3466895_ja?lang=ko
s00000023579001,https://krcare.net/item/mdcl_3466895_zh
s00000023579001,https://krcare.net/item/mdcl_3466895_zh?lang=ko
s00000023579001,https://krcare.net/item/mdcl_3466895_zh_tw
s00000023579001,https://krcare.net/item/mdcl_3466895_zh_tw?lang=ko
s00000023579001,https://krcare.net/item/mdcl_3466909_en
s00000023579001,https://krcare.net/item/mdcl_3466909_en?lang=ko
s00000023579001,https://krcare.net/item/mdcl_3466909_ja
s00000023579001,https://krcare.net/item/mdcl_3466909_ja?lang=ko
s00000023579001,https://krcare.net/item/mdcl_3466909_zh
s00000023579001,https://krcare.net/item/mdcl_3466909_zh?lang=ko
s00000023579001,https://krcare.net/item/mdcl_3466909_zh_tw
s00000023579001,https://krcare.net/item/mdcl_3466909_zh_tw?lang=ko
s00000023579001,https://krcare.net/item/mdcl_3466939_en
s00000023579001,https://krcare.net/item/mdcl_3466939_en?lang=ko
s00000023579001,https://krcare.net/item/mdcl_3466939_ja
s00000023579001,https://krcare.net/item/mdcl_3466939_ja?lang=ko
s00000023579001,https://krcare.net/item/mdcl_3466939_zh
s00000023579001,https://krcare.net/item/mdcl_3466939_zh?lang=ko
s00000023579001,https://krcare.net/item/mdcl_3466939_zh_tw
s00000023579001,https://krcare.net/item/mdcl_3466939_zh_tw?lang=ko
s00000023579001,https://krcare.net/item/mdcl_3466956_en
s00000023579001,https://krcare.net/item/mdcl_3466956_en?lang=ko
s00000023579001,https://krcare.net/item/mdcl_3466956_ja
s00000023579001,https://krcare.net/item/mdcl_3466956_ja?lang=ko
s00000023579001,https://krcare.net/item/mdcl_3466956_zh
s00000023579001,https://krcare.net/item/mdcl_3466956_zh?lang=ko
s00000023579001,https://krcare.net/item/mdcl_3466956_zh_tw
s00000023579001,https://krcare.net/item/mdcl_3466956_zh_tw?lang=ko
s00000023579001,https://krcare.net/item/mdcl_3466973_en
s00000023579001,https://krcare.net/item/mdcl_3466973_en?lang=ko
s00000023579001,https://krcare.net/item/mdcl_3466973_ja
s00000023579001,https://krcare.net/item/mdcl_3466973_ja?lang=ko
s00000023579001,https://krcare.net/item/mdcl_3466973_zh
s00000023579001,https://krcare.net/item/mdcl_3466973_zh?lang=ko
s00000023579001,https://krcare.net/item/mdcl_3466973_zh_tw
s00000023579001,https://krcare.net/item/mdcl_3466973_zh_tw?lang=ko
s00000023579001,https://krcare.net/item/mdcl_3467038_en
s00000023579001,https://krcare.net/item/mdcl_3467038_en?lang=ko
s00000023579001,https://krcare.net/item/mdcl_3467038_ja
s00000023579001,https://krcare.net/item/mdcl_3467038_ja?lang=ko
s00000023579001,https://krcare.net/item/mdcl_3467038_zh
s00000023579001,https://krcare.net/item/mdcl_3467038_zh?lang=ko
s00000023579001,https://krcare.net/item/mdcl_3467038_zh_tw
s00000023579001,https://krcare.net/item/mdcl_3467038_zh_tw?lang=ko
s00000023579001,https://krcare.net/item/mdcl_3467109_en
s00000023579001,https://krcare.net/item/mdcl_3467109_en?lang=ko
s00000023579001,https://krcare.net/item/mdcl_3467109_ja
s00000023579001,https://krcare.net/item/mdcl_3467109_ja?lang=ko
s00000023579001,https://krcare.net/item/mdcl_3467109_zh
s00000023579001,https://krcare.net/item/mdcl_3467109_zh?lang=ko
s00000023579001,https://krcare.net/item/mdcl_3467109_zh_tw
s00000023579001,https://krcare.net/item/mdcl_3467109_zh_tw?lang=ko
s00000023579001,https://krcare.net/item/mdcl_3467117_en
s00000023579001,https://krcare.net/item/mdcl_3467117_en?lang=ko
s00000023579001,https://krcare.net/item/mdcl_3467117_ja
s00000023579001,https://krcare.net/item/mdcl_3467117_ja?lang=ko
s00000023579001,https://krcare.net/item/mdcl_3467117_zh
s00000023579001,https://krcare.net/item/mdcl_3467117_zh?lang=ko
s00000023579001,https://krcare.net/item/mdcl_3467117_zh_tw
s00000023579001,https://krcare.net/item/mdcl_3467117_zh_tw?lang=ko
s00000023579001,https://krcare.net/item/mdcl_3467148_en
s00000023579001,https://krcare.net/item/mdcl_3467148_en?lang=ko
s00000023579001,https://krcare.net/item/mdcl_3467148_ja
s00000023579001,https://krcare.net/item/mdcl_3467148_ja?lang=ko
s00000023579001,https://krcare.net/item/mdcl_3467148_zh
s00000023579001,https://krcare.net/item/mdcl_3467148_zh?lang=ko
s00000023579001,https://krcare.net/item/mdcl_3467148_zh_tw
s00000023579001,https://krcare.net/item/mdcl_3467148_zh_tw?lang=ko
s00000023579001,https://krcare.net/item/mdcl_3467170_en
s00000023579001,https://krcare.net/item/mdcl_3467170_en?lang=ko
s00000023579001,https://krcare.net/item/mdcl_3467170_ja
s00000023579001,https://krcare.net/item/mdcl_3467170_ja?lang=ko
s00000023579001,https://krcare.net/item/mdcl_3467170_zh
s00000023579001,https://krcare.net/item/mdcl_3467170_zh?lang=ko
s00000023579001,https://krcare.net/item/mdcl_3467170_zh_tw
s00000023579001,https://krcare.net/item/mdcl_3467170_zh_tw?lang=ko
s00000023579001,https://krcare.net/item/mdcl_3467303_en
s00000023579001,https://krcare.net/item/mdcl_3467303_en?lang=ko
s00000023579001,https://krcare.net/item/mdcl_3467303_ja
s00000023579001,https://krcare.net/item/mdcl_3467303_ja?lang=ko
s00000023579001,https://krcare.net/item/mdcl_3467303_zh
s00000023579001,https://krcare.net/item/mdcl_3467303_zh?lang=ko
s00000023579001,https://krcare.net/item/mdcl_3467303_zh_tw
s00000023579001,https://krcare.net/item/mdcl_3467303_zh_tw?lang=ko
s00000023579001,https://krcare.net/item/mdcl_3467306_en
s00000023579001,https://krcare.net/item/mdcl_3467306_en?lang=ko
s00000023579001,https://krcare.net/item/mdcl_3467306_ja
s00000023579001,https://krcare.net/item/mdcl_3467306_ja?lang=ko
s00000023579001,https://krcare.net/item/mdcl_3467306_zh
s00000023579001,https://krcare.net/item/mdcl_3467306_zh?lang=ko
s00000023579001,https://krcare.net/item/mdcl_3467306_zh_tw
s00000023579001,https://krcare.net/item/mdcl_3467306_zh_tw?lang=ko
s00000023579001,https://krcare.net/item/mdcl_3467319_en
s00000023579001,https://krcare.net/item/mdcl_3467319_en?lang=ko
s00000023579001,https://krcare.net/item/mdcl_3467319_ja
s00000023579001,https://krcare.net/item/mdcl_3467319_ja?lang=ko
s00000023579001,https://krcare.net/item/mdcl_3467319_zh
s00000023579001,https://krcare.net/item/mdcl_3467319_zh?lang=ko
s00000023579001,https://krcare.net/item/mdcl_3467319_zh_tw
s00000023579001,https://krcare.net/item/mdcl_3467319_zh_tw?lang=ko
s00000023579001,https://krcare.net/item/mdcl_3467329_en
s00000023579001,https://krcare.net/item/mdcl_3467329_en?lang=ko
s00000023579001,https://krcare.net/item/mdcl_3467329_ja
s00000023579001,https://krcare.net/item/mdcl_3467329_ja?lang=ko
s00000023579001,https://krcare.net/item/mdcl_3467329_zh
s00000023579001,https://krcare.net/item/mdcl_3467329_zh?lang=ko
s00000023579001,https://krcare.net/item/mdcl_3467329_zh_tw
s00000023579001,https://krcare.net/item/mdcl_3467329_zh_tw?lang=ko
s00000023579001,https://krcare.net/item/mdcl_3467335_en
s00000023579001,https://krcare.net/item/mdcl_3467335_en?lang=ko
s00000023579001,https://krcare.net/item/mdcl_3467335_ja
s00000023579001,https://krcare.net/item/mdcl_3467335_ja?lang=ko
s00000023579001,https://krcare.net/item/mdcl_3467335_zh
s00000023579001,https://krcare.net/item/mdcl_3467335_zh?lang=ko
s00000023579001,https://krcare.net/item/mdcl_3467335_zh_tw
s00000023579001,https://krcare.net/item/mdcl_3467335_zh_tw?lang=ko
s00000023579001,https://krcare.net/item/mdcl_3473879_en
s00000023579001,https://krcare.net/item/mdcl_3473879_en?lang=ko
s00000023579001,https://krcare.net/item/mdcl_3473879_ja
s00000023579001,https://krcare.net/item/mdcl_3473879_ja?lang=ko
s00000023579001,https://krcare.net/item/mdcl_3473879_zh
s00000023579001,https://krcare.net/item/mdcl_3473879_zh?lang=ko
s00000023579001,https://krcare.net/item/mdcl_3473879_zh_tw
s00000023579001,https://krcare.net/item/mdcl_3473879_zh_tw?lang=ko
s00000023579001,https://krcare.net/item/mdcl_3477589_en
s00000023579001,https://krcare.net/item/mdcl_3477589_en?lang=ko
s00000023579001,https://krcare.net/item/mdcl_3477589_ja
s00000023579001,https://krcare.net/item/mdcl_3477589_ja?lang=ko
s00000023579001,https://krcare.net/item/mdcl_3477589_zh
s00000023579001,https://krcare.net/item/mdcl_3477589_zh?lang=ko
s00000023579001,https://krcare.net/item/mdcl_3477589_zh_tw
s00000023579001,https://krcare.net/item/mdcl_3477589_zh_tw?lang=ko
s00000023579001,https://krcare.net/item/mdcl_3477597_en
s00000023579001,https://krcare.net/item/mdcl_3477597_en?lang=ko
s00000023579001,https://krcare.net/item/mdcl_3477597_ja
s00000023579001,https://krcare.net/item/mdcl_3477597_ja?lang=ko
s00000023579001,https://krcare.net/item/mdcl_3477597_zh
s00000023579001,https://krcare.net/item/mdcl_3477597_zh?lang=ko
s00000023579001,https://krcare.net/item/mdcl_3477597_zh_tw
s00000023579001,https://krcare.net/item/mdcl_3477597_zh_tw?lang=ko
s00000023579001,https://krcare.net/item/mdcl_3539436_en
s00000023579001,https://krcare.net/item/mdcl_3539436_en?lang=ko
s00000023579001,https://krcare.net/item/mdcl_3539436_ja
s00000023579001,https://krcare.net/item/mdcl_3539436_ja?lang=ko
s00000023579001,https://krcare.net/item/mdcl_3539436_zh
s00000023579001,https://krcare.net/item/mdcl_3539436_zh?lang=ko
s00000023579001,https://krcare.net/item/mdcl_3539436_zh_tw
s00000023579001,https://krcare.net/item/mdcl_3539436_zh_tw?lang=ko
s00000023579001,https://krcare.net/item/mdcl_3539449_en
s00000023579001,https://krcare.net/item/mdcl_3539449_en?lang=ko
s00000023579001,https://krcare.net/item/mdcl_3539449_ja
s00000023579001,https://krcare.net/item/mdcl_3539449_ja?lang=ko
s00000023579001,https://krcare.net/item/mdcl_3539449_zh
s00000023579001,https://krcare.net/item/mdcl_3539449_zh?lang=ko
s00000023579001,https://krcare.net/item/mdcl_3539449_zh_tw
s00000023579001,https://krcare.net/item/mdcl_3539449_zh_tw?lang=ko
s00000023579001,https://krcare.net/item/mdcl_3539523_en
s00000023579001,https://krcare.net/item/mdcl_3539523_en?lang=ko
s00000023579001,https://krcare.net/item/mdcl_3539523_ja
s00000023579001,https://krcare.net/item/mdcl_3539523_ja?lang=ko
s00000023579001,https://krcare.net/item/mdcl_3539523_zh
s00000023579001,https://krcare.net/item/mdcl_3539523_zh?lang=ko
s00000023579001,https://krcare.net/item/mdcl_3539523_zh_tw
s00000023579001,https://krcare.net/item/mdcl_3539523_zh_tw?lang=ko
s00000023579001,https://krcare.net/item/mdcl_3539538_en
s00000023579001,https://krcare.net/item/mdcl_3539538_en?lang=ko
s00000023579001,https://krcare.net/item/mdcl_3539538_ja
s00000023579001,https://krcare.net/item/mdcl_3539538_ja?lang=ko
s00000023579001,https://krcare.net/item/mdcl_3539538_zh
s00000023579001,https://krcare.net/item/mdcl_3539538_zh?lang=ko
s00000023579001,https://krcare.net/item/mdcl_3539538_zh_tw
s00000023579001,https://krcare.net/item/mdcl_3539538_zh_tw?lang=ko
s00000023579001,https://krcare.net/item/mdcl_3539548_en
s00000023579001,https://krcare.net/item/mdcl_3539548_en?lang=ko
s00000023579001,https://krcare.net/item/mdcl_3539548_ja
s00000023579001,https://krcare.net/item/mdcl_3539548_ja?lang=ko
s00000023579001,https://krcare.net/item/mdcl_3539548_zh
s00000023579001,https://krcare.net/item/mdcl_3539548_zh?lang=ko
s00000023579001,https://krcare.net/item/mdcl_3539548_zh_tw
s00000023579001,https://krcare.net/item/mdcl_3539548_zh_tw?lang=ko
s00000023579001,https://krcare.net/item/mdcl_3539560_en
s00000023579001,https://krcare.net/item/mdcl_3539560_en?lang=ko
s00000023579001,https://krcare.net/item/mdcl_3539560_ja
s00000023579001,https://krcare.net/item/mdcl_3539560_ja?lang=ko
s00000023579001,https://krcare.net/item/mdcl_3539560_zh
s00000023579001,https://krcare.net/item/mdcl_3539560_zh?lang=ko
s00000023579001,https://krcare.net/item/mdcl_3539560_zh_tw
s00000023579001,https://krcare.net/item/mdcl_3539560_zh_tw?lang=ko
s00000023579001,https://krcare.net/item/mdcl_3539613_en
s00000023579001,https://krcare.net/item/mdcl_3539613_en?lang=ko
s00000023579001,https://krcare.net/item/mdcl_3539613_ja
s00000023579001,https://krcare.net/item/mdcl_3539613_ja?lang=ko
s00000023579001,https://krcare.net/item/mdcl_3539613_zh
s00000023579001,https://krcare.net/item/mdcl_3539613_zh?lang=ko
s00000023579001,https://krcare.net/item/mdcl_3539613_zh_tw
s00000023579001,https://krcare.net/item/mdcl_3539613_zh_tw?lang=ko
s00000023579001,https://krcare.net/item/mdcl_3539693_en
s00000023579001,https://krcare.net/item/mdcl_3539693_en?lang=ko
s00000023579001,https://krcare.net/item/mdcl_3539693_ja
s00000023579001,https://krcare.net/item/mdcl_3539693_ja?lang=ko
s00000023579001,https://krcare.net/item/mdcl_3539693_zh
s00000023579001,https://krcare.net/item/mdcl_3539693_zh?lang=ko
s00000023579001,https://krcare.net/item/mdcl_3539693_zh_tw
s00000023579001,https://krcare.net/item/mdcl_3539693_zh_tw?lang=ko
s00000023579001,https://krcare.net/item/mdcl_3539704_en
s00000023579001,https://krcare.net/item/mdcl_3539704_en?lang=ko
s00000023579001,https://krcare.net/item/mdcl_3539704_ja
s00000023579001,https://krcare.net/item/mdcl_3539704_ja?lang=ko
s00000023579001,https://krcare.net/item/mdcl_3539704_zh
s00000023579001,https://krcare.net/item/mdcl_3539704_zh?lang=ko
s00000023579001,https://krcare.net/item/mdcl_3539704_zh_tw
s00000023579001,https://krcare.net/item/mdcl_3539704_zh_tw?lang=ko
s00000023579001,https://krcare.net/item/mdcl_3539724_en
s00000023579001,https://krcare.net/item/mdcl_3539724_en?lang=ko
s00000023579001,https://krcare.net/item/mdcl_3539724_ja
s00000023579001,https://krcare.net/item/mdcl_3539724_ja?lang=ko
s00000023579001,https://krcare.net/item/mdcl_3539724_zh
s00000023579001,https://krcare.net/item/mdcl_3539724_zh?lang=ko
s00000023579001,https://krcare.net/item/mdcl_3539724_zh_tw
s00000023579001,https://krcare.net/item/mdcl_3539724_zh_tw?lang=ko
s00000023579001,https://krcare.net/item/mdcl_3539759_en
s00000023579001,https://krcare.net/item/mdcl_3539759_en?lang=ko
s00000023579001,https://krcare.net/item/mdcl_3539759_ja
s00000023579001,https://krcare.net/item/mdcl_3539759_ja?lang=ko
s00000023579001,https://krcare.net/item/mdcl_3539759_zh
s00000023579001,https://krcare.net/item/mdcl_3539759_zh?lang=ko
s00000023579001,https://krcare.net/item/mdcl_3539759_zh_tw
s00000023579001,https://krcare.net/item/mdcl_3539759_zh_tw?lang=ko
s00000023579001,https://krcare.net/item/mdcl_3539762_en
s00000023579001,https://krcare.net/item/mdcl_3539762_en?lang=ko
s00000023579001,https://krcare.net/item/mdcl_3539762_ja
s00000023579001,https://krcare.net/item/mdcl_3539762_ja?lang=ko
s00000023579001,https://krcare.net/item/mdcl_3539762_zh
s00000023579001,https://krcare.net/item/mdcl_3539762_zh?lang=ko
s00000023579001,https://krcare.net/item/mdcl_3539762_zh_tw
s00000023579001,https://krcare.net/item/mdcl_3539762_zh_tw?lang=ko
s00000023579001,https://krcare.net/item/mdcl_3539776_en
s00000023579001,https://krcare.net/item/mdcl_3539776_en?lang=ko
s00000023579001,https://krcare.net/item/mdcl_3539776_ja
s00000023579001,https://krcare.net/item/mdcl_3539776_ja?lang=ko
s00000023579001,https://krcare.net/item/mdcl_3539776_zh
s00000023579001,https://krcare.net/item/mdcl_3539776_zh?lang=ko
s00000023579001,https://krcare.net/item/mdcl_3539776_zh_tw
s00000023579001,https://krcare.net/item/mdcl_3539776_zh_tw?lang=ko
s00000023579001,https://krcare.net/item/mdcl_3539793_en
s00000023579001,https://krcare.net/item/mdcl_3539793_en?lang=ko
s00000023579001,https://krcare.net/item/mdcl_3539793_ja
s00000023579001,https://krcare.net/item/mdcl_3539793_ja?lang=ko
s00000023579001,https://krcare.net/item/mdcl_3539793_zh
s00000023579001,https://krcare.net/item/mdcl_3539793_zh?lang=ko
s00000023579001,https://krcare.net/item/mdcl_3539793_zh_tw
s00000023579001,https://krcare.net/item/mdcl_3539793_zh_tw?lang=ko
s00000023579001,https://krcare.net/item/mdcl_3539802_en
s00000023579001,https://krcare.net/item/mdcl_3539802_en?lang=ko
s00000023579001,https://krcare.net/item/mdcl_3539802_ja
s00000023579001,https://krcare.net/item/mdcl_3539802_ja?lang=ko
s00000023579001,https://krcare.net/item/mdcl_3539802_zh
s00000023579001,https://krcare.net/item/mdcl_3539802_zh?lang=ko
s00000023579001,https://krcare.net/item/mdcl_3539802_zh_tw
s00000023579001,https://krcare.net/item/mdcl_3539802_zh_tw?lang=ko
s00000023579001,https://krcare.net/item/mdcl_3539825_en
s00000023579001,https://krcare.net/item/mdcl_3539825_en?lang=ko
s00000023579001,https://krcare.net/item/mdcl_3539825_ja
s00000023579001,https://krcare.net/item/mdcl_3539825_ja?lang=ko
s00000023579001,https://krcare.net/item/mdcl_3539825_zh
s00000023579001,https://krcare.net/item/mdcl_3539825_zh?lang=ko
s00000023579001,https://krcare.net/item/mdcl_3539825_zh_tw
s00000023579001,https://krcare.net/item/mdcl_3539825_zh_tw?lang=ko
s00000023579001,https://krcare.net/item/mdcl_3539851_en
s00000023579001,https://krcare.net/item/mdcl_3539851_en?lang=ko
s00000023579001,https://krcare.net/item/mdcl_3539851_ja
s00000023579001,https://krcare.net/item/mdcl_3539851_ja?lang=ko
s00000023579001,https://krcare.net/item/mdcl_3539851_zh
s00000023579001,https://krcare.net/item/mdcl_3539851_zh?lang=ko
s00000023579001,https://krcare.net/item/mdcl_3539851_zh_tw
s00000023579001,https://krcare.net/item/mdcl_3539851_zh_tw?lang=ko
s00000023579001,https://krcare.net/item/mdcl_3539857_en
s00000023579001,https://krcare.net/item/mdcl_3539857_en?lang=ko
s00000023579001,https://krcare.net/item/mdcl_3539857_ja
s00000023579001,https://krcare.net/item/mdcl_3539857_ja?lang=ko
s00000023579001,https://krcare.net/item/mdcl_3539857_zh
s00000023579001,https://krcare.net/item/mdcl_3539857_zh?lang=ko
s00000023579001,https://krcare.net/item/mdcl_3539857_zh_tw
s00000023579001,https://krcare.net/item/mdcl_3539857_zh_tw?lang=ko
s00000023579001,https://krcare.net/item/mdcl_3539864_en
s00000023579001,https://krcare.net/item/mdcl_3539864_en?lang=ko
s00000023579001,https://krcare.net/item/mdcl_3539864_ja
s00000023579001,https://krcare.net/item/mdcl_3539864_ja?lang=ko
s00000023579001,https://krcare.net/item/mdcl_3539864_zh
s00000023579001,https://krcare.net/item/mdcl_3539864_zh?lang=ko
s00000023579001,https://krcare.net/item/mdcl_3539864_zh_tw
s00000023579001,https://krcare.net/item/mdcl_3539864_zh_tw?lang=ko
s00000023579001,https://krcare.net/item/mdcl_3539891_en
s00000023579001,https://krcare.net/item/mdcl_3539891_en?lang=ko
s00000023579001,https://krcare.net/item/mdcl_3539891_ja
s00000023579001,https://krcare.net/item/mdcl_3539891_ja?lang=ko
s00000023579001,https://krcare.net/item/mdcl_3539891_zh
s00000023579001,https://krcare.net/item/mdcl_3539891_zh?lang=ko
s00000023579001,https://krcare.net/item/mdcl_3539891_zh_tw
s00000023579001,https://krcare.net/item/mdcl_3539891_zh_tw?lang=ko
s00000023579001,https://krcare.net/item/mdcl_3539938_en
s00000023579001,https://krcare.net/item/mdcl_3539938_en?lang=ko
s00000023579001,https://krcare.net/item/mdcl_3539938_ja
s00000023579001,https://krcare.net/item/mdcl_3539938_ja?lang=ko
s00000023579001,https://krcare.net/item/mdcl_3539938_zh
s00000023579001,https://krcare.net/item/mdcl_3539938_zh?lang=ko
s00000023579001,https://krcare.net/item/mdcl_3539938_zh_tw
s00000023579001,https://krcare.net/item/mdcl_3539938_zh_tw?lang=ko
s00000023579001,https://krcare.net/item/mdcl_3539944_en
s00000023579001,https://krcare.net/item/mdcl_3539944_en?lang=ko
s00000023579001,https://krcare.net/item/mdcl_3539944_ja
s00000023579001,https://krcare.net/item/mdcl_3539944_ja?lang=ko
s00000023579001,https://krcare.net/item/mdcl_3539944_zh
s00000023579001,https://krcare.net/item/mdcl_3539944_zh?lang=ko
s00000023579001,https://krcare.net/item/mdcl_3539944_zh_tw
s00000023579001,https://krcare.net/item/mdcl_3539944_zh_tw?lang=ko
s00000023579001,https://krcare.net/item/mdcl_3539958_en
s00000023579001,https://krcare.net/item/mdcl_3539958_en?lang=ko
s00000023579001,https://krcare.net/item/mdcl_3539958_ja
s00000023579001,https://krcare.net/item/mdcl_3539958_ja?lang=ko
s00000023579001,https://krcare.net/item/mdcl_3539958_zh
s00000023579001,https://krcare.net/item/mdcl_3539958_zh?lang=ko
s00000023579001,https://krcare.net/item/mdcl_3539958_zh_tw
s00000023579001,https://krcare.net/item/mdcl_3539958_zh_tw?lang=ko
s00000023579001,https://krcare.net/item/mdcl_3539972_en
s00000023579001,https://krcare.net/item/mdcl_3539972_en?lang=ko
s00000023579001,https://krcare.net/item/mdcl_3539972_ja
s00000023579001,https://krcare.net/item/mdcl_3539972_ja?lang=ko
s00000023579001,https://krcare.net/item/mdcl_3539972_zh
s00000023579001,https://krcare.net/item/mdcl_3539972_zh?lang=ko
s00000023579001,https://krcare.net/item/mdcl_3539972_zh_tw
s00000023579001,https://krcare.net/item/mdcl_3539972_zh_tw?lang=ko
s00000023579001,https://krcare.net/item/mdcl_3539987_en
s00000023579001,https://krcare.net/item/mdcl_3539987_en?lang=ko
s00000023579001,https://krcare.net/item/mdcl_3539987_ja
s00000023579001,https://krcare.net/item/mdcl_3539987_ja?lang=ko
s00000023579001,https://krcare.net/item/mdcl_3539987_zh
s00000023579001,https://krcare.net/item/mdcl_3539987_zh?lang=ko
s00000023579001,https://krcare.net/item/mdcl_3539987_zh_tw
s00000023579001,https://krcare.net/item/mdcl_3539987_zh_tw?lang=ko
s00000023579001,https://krcare.net/item/mdcl_3539998_en
s00000023579001,https://krcare.net/item/mdcl_3539998_en?lang=ko
s00000023579001,https://krcare.net/item/mdcl_3539998_ja
s00000023579001,https://krcare.net/item/mdcl_3539998_ja?lang=ko
s00000023579001,https://krcare.net/item/mdcl_3539998_zh
s00000023579001,https://krcare.net/item/mdcl_3539998_zh?lang=ko
s00000023579001,https://krcare.net/item/mdcl_3539998_zh_tw
s00000023579001,https://krcare.net/item/mdcl_3539998_zh_tw?lang=ko
s00000023579001,https://krcare.net/item/mdcl_3540013_en
s00000023579001,https://krcare.net/item/mdcl_3540013_en?lang=ko
s00000023579001,https://krcare.net/item/mdcl_3540013_ja
s00000023579001,https://krcare.net/item/mdcl_3540013_ja?lang=ko
s00000023579001,https://krcare.net/item/mdcl_3540013_zh
s00000023579001,https://krcare.net/item/mdcl_3540013_zh?lang=ko
s00000023579001,https://krcare.net/item/mdcl_3540013_zh_tw
s00000023579001,https://krcare.net/item/mdcl_3540013_zh_tw?lang=ko
s00000023579001,https://krcare.net/item/mdcl_3540163_en
s00000023579001,https://krcare.net/item/mdcl_3540163_en?lang=ko
s00000023579001,https://krcare.net/item/mdcl_3540163_ja
s00000023579001,https://krcare.net/item/mdcl_3540163_ja?lang=ko
s00000023579001,https://krcare.net/item/mdcl_3540163_zh
s00000023579001,https://krcare.net/item/mdcl_3540163_zh?lang=ko
s00000023579001,https://krcare.net/item/mdcl_3540163_zh_tw
s00000023579001,https://krcare.net/item/mdcl_3540163_zh_tw?lang=ko
s00000023579001,https://krcare.net/item/mdcl_3540229_en
s00000023579001,https://krcare.net/item/mdcl_3540229_en?lang=ko
s00000023579001,https://krcare.net/item/mdcl_3540229_ja
s00000023579001,https://krcare.net/item/mdcl_3540229_ja?lang=ko
s00000023579001,https://krcare.net/item/mdcl_3540229_zh
s00000023579001,https://krcare.net/item/mdcl_3540229_zh?lang=ko
s00000023579001,https://krcare.net/item/mdcl_3540229_zh_tw
s00000023579001,https://krcare.net/item/mdcl_3540229_zh_tw?lang=ko
s00000023579001,https://krcare.net/item/mdcl_3547509_en
s00000023579001,https://krcare.net/item/mdcl_3547509_en?lang=ko
s00000023579001,https://krcare.net/item/mdcl_3547509_ja
s00000023579001,https://krcare.net/item/mdcl_3547509_ja?lang=ko
s00000023579001,https://krcare.net/item/mdcl_3547509_zh
s00000023579001,https://krcare.net/item/mdcl_3547509_zh?lang=ko
s00000023579001,https://krcare.net/item/mdcl_3547509_zh_tw
s00000023579001,https://krcare.net/item/mdcl_3547509_zh_tw?lang=ko
s00000023579001,https://krcare.net/item/mdcl_3547521_en
s00000023579001,https://krcare.net/item/mdcl_3547521_en?lang=ko
s00000023579001,https://krcare.net/item/mdcl_3547521_ja
s00000023579001,https://krcare.net/item/mdcl_3547521_ja?lang=ko
s00000023579001,https://krcare.net/item/mdcl_3547521_zh
s00000023579001,https://krcare.net/item/mdcl_3547521_zh?lang=ko
s00000023579001,https://krcare.net/item/mdcl_3547521_zh_tw
s00000023579001,https://krcare.net/item/mdcl_3547521_zh_tw?lang=ko
s00000023579001,https://krcare.net/item/mdcl_3547594_en
s00000023579001,https://krcare.net/item/mdcl_3547594_en?lang=ko
s00000023579001,https://krcare.net/item/mdcl_3547594_ja
s00000023579001,https://krcare.net/item/mdcl_3547594_ja?lang=ko
s00000023579001,https://krcare.net/item/mdcl_3547594_zh
s00000023579001,https://krcare.net/item/mdcl_3547594_zh?lang=ko
s00000023579001,https://krcare.net/item/mdcl_3547594_zh_tw
s00000023579001,https://krcare.net/item/mdcl_3547594_zh_tw?lang=ko
s00000023579001,https://krcare.net/item/mdcl_3547641_en
s00000023579001,https://krcare.net/item/mdcl_3547641_en?lang=ko
s00000023579001,https://krcare.net/item/mdcl_3547641_ja
s00000023579001,https://krcare.net/item/mdcl_3547641_ja?lang=ko
s00000023579001,https://krcare.net/item/mdcl_3547641_zh
s00000023579001,https://krcare.net/item/mdcl_3547641_zh?lang=ko
s00000023579001,https://krcare.net/item/mdcl_3547641_zh_tw
s00000023579001,https://krcare.net/item/mdcl_3547641_zh_tw?lang=ko
s00000023579001,https://krcare.net/item/mdcl_3547648_en
s00000023579001,https://krcare.net/item/mdcl_3547648_en?lang=ko
s00000023579001,https://krcare.net/item/mdcl_3547648_ja
s00000023579001,https://krcare.net/item/mdcl_3547648_ja?lang=ko
s00000023579001,https://krcare.net/item/mdcl_3547648_zh
s00000023579001,https://krcare.net/item/mdcl_3547648_zh?lang=ko
s00000023579001,https://krcare.net/item/mdcl_3547648_zh_tw
s00000023579001,https://krcare.net/item/mdcl_3547648_zh_tw?lang=ko
s00000023579001,https://krcare.net/item/mdcl_3547762_en
s00000023579001,https://krcare.net/item/mdcl_3547762_en?lang=ko
s00000023579001,https://krcare.net/item/mdcl_3547762_ja
s00000023579001,https://krcare.net/item/mdcl_3547762_ja?lang=ko
s00000023579001,https://krcare.net/item/mdcl_3547762_zh
s00000023579001,https://krcare.net/item/mdcl_3547762_zh?lang=ko
s00000023579001,https://krcare.net/item/mdcl_3547762_zh_tw
s00000023579001,https://krcare.net/item/mdcl_3547762_zh_tw?lang=ko
s00000023579001,https://krcare.net/item/mdcl_3547793_en
s00000023579001,https://krcare.net/item/mdcl_3547793_en?lang=ko
s00000023579001,https://krcare.net/item/mdcl_3547793_ja
s00000023579001,https://krcare.net/item/mdcl_3547793_ja?lang=ko
s00000023579001,https://krcare.net/item/mdcl_3547793_zh
s00000023579001,https://krcare.net/item/mdcl_3547793_zh?lang=ko
s00000023579001,https://krcare.net/item/mdcl_3547793_zh_tw
s00000023579001,https://krcare.net/item/mdcl_3547793_zh_tw?lang=ko
s00000023579001,https://krcare.net/item/mdcl_3547799_en
s00000023579001,https://krcare.net/item/mdcl_3547799_en?lang=ko
s00000023579001,https://krcare.net/item/mdcl_3547799_ja
s00000023579001,https://krcare.net/item/mdcl_3547799_ja?lang=ko
s00000023579001,https://krcare.net/item/mdcl_3547799_zh
s00000023579001,https://krcare.net/item/mdcl_3547799_zh?lang=ko
s00000023579001,https://krcare.net/item/mdcl_3547799_zh_tw
s00000023579001,https://krcare.net/item/mdcl_3547799_zh_tw?lang=ko
s00000023579001,https://krcare.net/item/mdcl_3547820_en
s00000023579001,https://krcare.net/item/mdcl_3547820_en?lang=ko
s00000023579001,https://krcare.net/item/mdcl_3547820_ja
s00000023579001,https://krcare.net/item/mdcl_3547820_ja?lang=ko
s00000023579001,https://krcare.net/item/mdcl_3547820_zh
s00000023579001,https://krcare.net/item/mdcl_3547820_zh?lang=ko
s00000023579001,https://krcare.net/item/mdcl_3547820_zh_tw
s00000023579001,https://krcare.net/item/mdcl_3547820_zh_tw?lang=ko
s00000023579001,https://krcare.net/item/mdcl_3547829_en
s00000023579001,https://krcare.net/item/mdcl_3547829_en?lang=ko
s00000023579001,https://krcare.net/item/mdcl_3547829_ja
s00000023579001,https://krcare.net/item/mdcl_3547829_ja?lang=ko
s00000023579001,https://krcare.net/item/mdcl_3547829_zh
s00000023579001,https://krcare.net/item/mdcl_3547829_zh?lang=ko
s00000023579001,https://krcare.net/item/mdcl_3547829_zh_tw
s00000023579001,https://krcare.net/item/mdcl_3547829_zh_tw?lang=ko
s00000023579001,https://krcare.net/item/mdcl_3547900_en
s00000023579001,https://krcare.net/item/mdcl_3547900_en?lang=ko
s00000023579001,https://krcare.net/item/mdcl_3547900_ja
s00000023579001,https://krcare.net/item/mdcl_3547900_ja?lang=ko
s00000023579001,https://krcare.net/item/mdcl_3547900_zh
s00000023579001,https://krcare.net/item/mdcl_3547900_zh?lang=ko
s00000023579001,https://krcare.net/item/mdcl_3547900_zh_tw
s00000023579001,https://krcare.net/item/mdcl_3547900_zh_tw?lang=ko
s00000023579001,https://krcare.net/item/mdcl_3547906_en
s00000023579001,https://krcare.net/item/mdcl_3547906_en?lang=ko
s00000023579001,https://krcare.net/item/mdcl_3547906_ja
s00000023579001,https://krcare.net/item/mdcl_3547906_ja?lang=ko
s00000023579001,https://krcare.net/item/mdcl_3547906_zh
s00000023579001,https://krcare.net/item/mdcl_3547906_zh?lang=ko
s00000023579001,https://krcare.net/item/mdcl_3547906_zh_tw
s00000023579001,https://krcare.net/item/mdcl_3547906_zh_tw?lang=ko
s00000023579001,https://krcare.net/item/mdcl_3547942_en
s00000023579001,https://krcare.net/item/mdcl_3547942_en?lang=ko
s00000023579001,https://krcare.net/item/mdcl_3547942_ja
s00000023579001,https://krcare.net/item/mdcl_3547942_ja?lang=ko
s00000023579001,https://krcare.net/item/mdcl_3547942_zh
s00000023579001,https://krcare.net/item/mdcl_3547942_zh?lang=ko
s00000023579001,https://krcare.net/item/mdcl_3547942_zh_tw
s00000023579001,https://krcare.net/item/mdcl_3547942_zh_tw?lang=ko
s00000023579001,https://krcare.net/item/mdcl_3547944_en
s00000023579001,https://krcare.net/item/mdcl_3547944_en?lang=ko
s00000023579001,https://krcare.net/item/mdcl_3547944_ja
s00000023579001,https://krcare.net/item/mdcl_3547944_ja?lang=ko
s00000023579001,https://krcare.net/item/mdcl_3547944_zh
s00000023579001,https://krcare.net/item/mdcl_3547944_zh?lang=ko
s00000023579001,https://krcare.net/item/mdcl_3547944_zh_tw
s00000023579001,https://krcare.net/item/mdcl_3547944_zh_tw?lang=ko
s00000023579001,https://krcare.net/item/mdcl_3548137_en
s00000023579001,https://krcare.net/item/mdcl_3548137_en?lang=ko
s00000023579001,https://krcare.net/item/mdcl_3548137_ja
s00000023579001,https://krcare.net/item/mdcl_3548137_ja?lang=ko
s00000023579001,https://krcare.net/item/mdcl_3548137_zh
s00000023579001,https://krcare.net/item/mdcl_3548137_zh?lang=ko
s00000023579001,https://krcare.net/item/mdcl_3548137_zh_tw
s00000023579001,https://krcare.net/item/mdcl_3548137_zh_tw?lang=ko
s00000023579001,https://krcare.net/item/mdcl_3548179_en
s00000023579001,https://krcare.net/item/mdcl_3548179_en?lang=ko
s00000023579001,https://krcare.net/item/mdcl_3548179_ja
s00000023579001,https://krcare.net/item/mdcl_3548179_ja?lang=ko
s00000023579001,https://krcare.net/item/mdcl_3548179_zh
s00000023579001,https://krcare.net/item/mdcl_3548179_zh?lang=ko
s00000023579001,https://krcare.net/item/mdcl_3548179_zh_tw
s00000023579001,https://krcare.net/item/mdcl_3548179_zh_tw?lang=ko
s00000023579001,https://krcare.net/item/mdcl_3548388_en
s00000023579001,https://krcare.net/item/mdcl_3548388_en?lang=ko
s00000023579001,https://krcare.net/item/mdcl_3548388_ja
s00000023579001,https://krcare.net/item/mdcl_3548388_ja?lang=ko
s00000023579001,https://krcare.net/item/mdcl_3548388_zh
s00000023579001,https://krcare.net/item/mdcl_3548388_zh?lang=ko
s00000023579001,https://krcare.net/item/mdcl_3548388_zh_tw
s00000023579001,https://krcare.net/item/mdcl_3548388_zh_tw?lang=ko
s00000023579001,https://krcare.net/item/mdcl_3548684_en
s00000023579001,https://krcare.net/item/mdcl_3548684_en?lang=ko
s00000023579001,https://krcare.net/item/mdcl_3548684_ja
s00000023579001,https://krcare.net/item/mdcl_3548684_ja?lang=ko
s00000023579001,https://krcare.net/item/mdcl_3548684_zh
s00000023579001,https://krcare.net/item/mdcl_3548684_zh?lang=ko
s00000023579001,https://krcare.net/item/mdcl_3548684_zh_tw
s00000023579001,https://krcare.net/item/mdcl_3548684_zh_tw?lang=ko
s00000023579001,https://krcare.net/item/mdcl_3548731_en
s00000023579001,https://krcare.net/item/mdcl_3548731_en?lang=ko
s00000023579001,https://krcare.net/item/mdcl_3548731_ja
s00000023579001,https://krcare.net/item/mdcl_3548731_ja?lang=ko
s00000023579001,https://krcare.net/item/mdcl_3548731_zh
s00000023579001,https://krcare.net/item/mdcl_3548731_zh?lang=ko
s00000023579001,https://krcare.net/item/mdcl_3548731_zh_tw
s00000023579001,https://krcare.net/item/mdcl_3548731_zh_tw?lang=ko
s00000023579001,https://krcare.net/item/mdcl_3548775_en
s00000023579001,https://krcare.net/item/mdcl_3548775_en?lang=ko
s00000023579001,https://krcare.net/item/mdcl_3548775_ja
s00000023579001,https://krcare.net/item/mdcl_3548775_ja?lang=ko
s00000023579001,https://krcare.net/item/mdcl_3548775_zh
s00000023579001,https://krcare.net/item/mdcl_3548775_zh?lang=ko
s00000023579001,https://krcare.net/item/mdcl_3548775_zh_tw
s00000023579001,https://krcare.net/item/mdcl_3548775_zh_tw?lang=ko
s00000023579001,https://krcare.net/item/mdcl_3548816_en
s00000023579001,https://krcare.net/item/mdcl_3548816_en?lang=ko
s00000023579001,https://krcare.net/item/mdcl_3548816_ja
s00000023579001,https://krcare.net/item/mdcl_3548816_ja?lang=ko
s00000023579001,https://krcare.net/item/mdcl_3548816_zh
s00000023579001,https://krcare.net/item/mdcl_3548816_zh?lang=ko
s00000023579001,https://krcare.net/item/mdcl_3548816_zh_tw
s00000023579001,https://krcare.net/item/mdcl_3548816_zh_tw?lang=ko
s00000023579001,https://krcare.net/item/mdcl_3548857_en
s00000023579001,https://krcare.net/item/mdcl_3548857_en?lang=ko
s00000023579001,https://krcare.net/item/mdcl_3548857_ja
s00000023579001,https://krcare.net/item/mdcl_3548857_ja?lang=ko
s00000023579001,https://krcare.net/item/mdcl_3548857_zh
s00000023579001,https://krcare.net/item/mdcl_3548857_zh?lang=ko
s00000023579001,https://krcare.net/item/mdcl_3548857_zh_tw
s00000023579001,https://krcare.net/item/mdcl_3548857_zh_tw?lang=ko
s00000023579001,https://krcare.net/item/mdcl_3548866_en
s00000023579001,https://krcare.net/item/mdcl_3548866_en?lang=ko
s00000023579001,https://krcare.net/item/mdcl_3548866_ja
s00000023579001,https://krcare.net/item/mdcl_3548866_ja?lang=ko
s00000023579001,https://krcare.net/item/mdcl_3548866_zh
s00000023579001,https://krcare.net/item/mdcl_3548866_zh?lang=ko
s00000023579001,https://krcare.net/item/mdcl_3548866_zh_tw
s00000023579001,https://krcare.net/item/mdcl_3548866_zh_tw?lang=ko
s00000023579001,https://krcare.net/item/mdcl_3548871_en
s00000023579001,https://krcare.net/item/mdcl_3548871_en?lang=ko
s00000023579001,https://krcare.net/item/mdcl_3548871_ja
s00000023579001,https://krcare.net/item/mdcl_3548871_ja?lang=ko
s00000023579001,https://krcare.net/item/mdcl_3548871_zh
s00000023579001,https://krcare.net/item/mdcl_3548871_zh?lang=ko
s00000023579001,https://krcare.net/item/mdcl_3548871_zh_tw
s00000023579001,https://krcare.net/item/mdcl_3548871_zh_tw?lang=ko
s00000023579001,https://krcare.net/item/mdcl_3548909_en
s00000023579001,https://krcare.net/item/mdcl_3548909_en?lang=ko
s00000023579001,https://krcare.net/item/mdcl_3548909_ja
s00000023579001,https://krcare.net/item/mdcl_3548909_ja?lang=ko
s00000023579001,https://krcare.net/item/mdcl_3548909_zh
s00000023579001,https://krcare.net/item/mdcl_3548909_zh?lang=ko
s00000023579001,https://krcare.net/item/mdcl_3548909_zh_tw
s00000023579001,https://krcare.net/item/mdcl_3548909_zh_tw?lang=ko
s00000023579001,https://krcare.net/item/mdcl_3548918_en
s00000023579001,https://krcare.net/item/mdcl_3548918_en?lang=ko
s00000023579001,https://krcare.net/item/mdcl_3548918_ja
s00000023579001,https://krcare.net/item/mdcl_3548918_ja?lang=ko
s00000023579001,https://krcare.net/item/mdcl_3548918_zh
s00000023579001,https://krcare.net/item/mdcl_3548918_zh?lang=ko
s00000023579001,https://krcare.net/item/mdcl_3548918_zh_tw
s00000023579001,https://krcare.net/item/mdcl_3548918_zh_tw?lang=ko
s00000023579001,https://krcare.net/item/mdcl_3548924_en
s00000023579001,https://krcare.net/item/mdcl_3548924_en?lang=ko
s00000023579001,https://krcare.net/item/mdcl_3548924_ja
s00000023579001,https://krcare.net/item/mdcl_3548924_ja?lang=ko
s00000023579001,https://krcare.net/item/mdcl_3548924_zh
s00000023579001,https://krcare.net/item/mdcl_3548924_zh?lang=ko
s00000023579001,https://krcare.net/item/mdcl_3548924_zh_tw
s00000023579001,https://krcare.net/item/mdcl_3548924_zh_tw?lang=ko
s00000023579001,https://krcare.net/item/mdcl_3548942_en
s00000023579001,https://krcare.net/item/mdcl_3548942_en?lang=ko
s00000023579001,https://krcare.net/item/mdcl_3548942_ja
s00000023579001,https://krcare.net/item/mdcl_3548942_ja?lang=ko
s00000023579001,https://krcare.net/item/mdcl_3548942_zh
s00000023579001,https://krcare.net/item/mdcl_3548942_zh?lang=ko
s00000023579001,https://krcare.net/item/mdcl_3548942_zh_tw
s00000023579001,https://krcare.net/item/mdcl_3548942_zh_tw?lang=ko
s00000023579001,https://krcare.net/item/mdcl_3548986_en
s00000023579001,https://krcare.net/item/mdcl_3548986_en?lang=ko
s00000023579001,https://krcare.net/item/mdcl_3548986_ja
s00000023579001,https://krcare.net/item/mdcl_3548986_ja?lang=ko
s00000023579001,https://krcare.net/item/mdcl_3548986_zh
s00000023579001,https://krcare.net/item/mdcl_3548986_zh?lang=ko
s00000023579001,https://krcare.net/item/mdcl_3548986_zh_tw
s00000023579001,https://krcare.net/item/mdcl_3548986_zh_tw?lang=ko
s00000023579001,https://krcare.net/item/mdcl_3549040_en
s00000023579001,https://krcare.net/item/mdcl_3549040_en?lang=ko
s00000023579001,https://krcare.net/item/mdcl_3549040_ja
s00000023579001,https://krcare.net/item/mdcl_3549040_ja?lang=ko
s00000023579001,https://krcare.net/item/mdcl_3549040_zh
s00000023579001,https://krcare.net/item/mdcl_3549040_zh?lang=ko
s00000023579001,https://krcare.net/item/mdcl_3549040_zh_tw
s00000023579001,https://krcare.net/item/mdcl_3549040_zh_tw?lang=ko
s00000023579001,https://krcare.net/item/mdcl_3549075_en
s00000023579001,https://krcare.net/item/mdcl_3549075_en?lang=ko
s00000023579001,https://krcare.net/item/mdcl_3549075_ja
s00000023579001,https://krcare.net/item/mdcl_3549075_ja?lang=ko
s00000023579001,https://krcare.net/item/mdcl_3549075_zh
s00000023579001,https://krcare.net/item/mdcl_3549075_zh?lang=ko
s00000023579001,https://krcare.net/item/mdcl_3549075_zh_tw
s00000023579001,https://krcare.net/item/mdcl_3549075_zh_tw?lang=ko
s00000023579001,https://krcare.net/item/mdcl_3549091_en
s00000023579001,https://krcare.net/item/mdcl_3549091_en?lang=ko
s00000023579001,https://krcare.net/item/mdcl_3549091_ja
s00000023579001,https://krcare.net/item/mdcl_3549091_ja?lang=ko
s00000023579001,https://krcare.net/item/mdcl_3549091_zh
s00000023579001,https://krcare.net/item/mdcl_3549091_zh?lang=ko
s00000023579001,https://krcare.net/item/mdcl_3549091_zh_tw
s00000023579001,https://krcare.net/item/mdcl_3549091_zh_tw?lang=ko
s00000023579001,https://krcare.net/item/mdcl_3549160_en
s00000023579001,https://krcare.net/item/mdcl_3549160_en?lang=ko
s00000023579001,https://krcare.net/item/mdcl_3549160_ja
s00000023579001,https://krcare.net/item/mdcl_3549160_ja?lang=ko
s00000023579001,https://krcare.net/item/mdcl_3549160_zh
s00000023579001,https://krcare.net/item/mdcl_3549160_zh?lang=ko
s00000023579001,https://krcare.net/item/mdcl_3549160_zh_tw
s00000023579001,https://krcare.net/item/mdcl_3549160_zh_tw?lang=ko
s00000023579001,https://krcare.net/item/mdcl_3549199_en
s00000023579001,https://krcare.net/item/mdcl_3549199_en?lang=ko
s00000023579001,https://krcare.net/item/mdcl_3549199_ja
s00000023579001,https://krcare.net/item/mdcl_3549199_ja?lang=ko
s00000023579001,https://krcare.net/item/mdcl_3549199_zh
s00000023579001,https://krcare.net/item/mdcl_3549199_zh?lang=ko
s00000023579001,https://krcare.net/item/mdcl_3549199_zh_tw
s00000023579001,https://krcare.net/item/mdcl_3549199_zh_tw?lang=ko
s00000023579001,https://krcare.net/item/mdcl_3549360_en
s00000023579001,https://krcare.net/item/mdcl_3549360_en?lang=ko
s00000023579001,https://krcare.net/item/mdcl_3549360_ja
s00000023579001,https://krcare.net/item/mdcl_3549360_ja?lang=ko
s00000023579001,https://krcare.net/item/mdcl_3549360_zh
s00000023579001,https://krcare.net/item/mdcl_3549360_zh?lang=ko
s00000023579001,https://krcare.net/item/mdcl_3549360_zh_tw
s00000023579001,https://krcare.net/item/mdcl_3549360_zh_tw?lang=ko
s00000023579001,https://krcare.net/item/mdcl_3549374_en
s00000023579001,https://krcare.net/item/mdcl_3549374_en?lang=ko
s00000023579001,https://krcare.net/item/mdcl_3549374_ja
s00000023579001,https://krcare.net/item/mdcl_3549374_ja?lang=ko
s00000023579001,https://krcare.net/item/mdcl_3549374_zh
s00000023579001,https://krcare.net/item/mdcl_3549374_zh?lang=ko
s00000023579001,https://krcare.net/item/mdcl_3549374_zh_tw
s00000023579001,https://krcare.net/item/mdcl_3549374_zh_tw?lang=ko
s00000023579001,https://krcare.net/item/mdcl_3549377_en
s00000023579001,https://krcare.net/item/mdcl_3549377_en?lang=ko
s00000023579001,https://krcare.net/item/mdcl_3549377_ja
s00000023579001,https://krcare.net/item/mdcl_3549377_ja?lang=ko
s00000023579001,https://krcare.net/item/mdcl_3549377_zh
s00000023579001,https://krcare.net/item/mdcl_3549377_zh?lang=ko
s00000023579001,https://krcare.net/item/mdcl_3549377_zh_tw
s00000023579001,https://krcare.net/item/mdcl_3549377_zh_tw?lang=ko
s00000023579001,https://krcare.net/item/mdcl_3549387_en
s00000023579001,https://krcare.net/item/mdcl_3549387_en?lang=ko
s00000023579001,https://krcare.net/item/mdcl_3549387_ja
s00000023579001,https://krcare.net/item/mdcl_3549387_ja?lang=ko
s00000023579001,https://krcare.net/item/mdcl_3549387_zh
s00000023579001,https://krcare.net/item/mdcl_3549387_zh?lang=ko
s00000023579001,https://krcare.net/item/mdcl_3549387_zh_tw
s00000023579001,https://krcare.net/item/mdcl_3549387_zh_tw?lang=ko
s00000023579001,https://krcare.net/item/mdcl_3549426_en
s00000023579001,https://krcare.net/item/mdcl_3549426_en?lang=ko
s00000023579001,https://krcare.net/item/mdcl_3549426_ja
s00000023579001,https://krcare.net/item/mdcl_3549426_ja?lang=ko
s00000023579001,https://krcare.net/item/mdcl_3549426_zh
s00000023579001,https://krcare.net/item/mdcl_3549426_zh?lang=ko
s00000023579001,https://krcare.net/item/mdcl_3549426_zh_tw
s00000023579001,https://krcare.net/item/mdcl_3549426_zh_tw?lang=ko
s00000023579001,https://krcare.net/item/mdcl_3549447_en
s00000023579001,https://krcare.net/item/mdcl_3549447_en?lang=ko
s00000023579001,https://krcare.net/item/mdcl_3549447_ja
s00000023579001,https://krcare.net/item/mdcl_3549447_ja?lang=ko
s00000023579001,https://krcare.net/item/mdcl_3549447_zh
s00000023579001,https://krcare.net/item/mdcl_3549447_zh?lang=ko
s00000023579001,https://krcare.net/item/mdcl_3549447_zh_tw
s00000023579001,https://krcare.net/item/mdcl_3549447_zh_tw?lang=ko
s00000023579001,https://krcare.net/item/mdcl_3549488_en
s00000023579001,https://krcare.net/item/mdcl_3549488_en?lang=ko
s00000023579001,https://krcare.net/item/mdcl_3549488_ja
s00000023579001,https://krcare.net/item/mdcl_3549488_ja?lang=ko
s00000023579001,https://krcare.net/item/mdcl_3549488_zh
s00000023579001,https://krcare.net/item/mdcl_3549488_zh?lang=ko
s00000023579001,https://krcare.net/item/mdcl_3549488_zh_tw
s00000023579001,https://krcare.net/item/mdcl_3549488_zh_tw?lang=ko
s00000023579001,https://krcare.net/item/mdcl_3549549_en
s00000023579001,https://krcare.net/item/mdcl_3549549_en?lang=ko
s00000023579001,https://krcare.net/item/mdcl_3549549_ja
s00000023579001,https://krcare.net/item/mdcl_3549549_ja?lang=ko
s00000023579001,https://krcare.net/item/mdcl_3549549_zh
s00000023579001,https://krcare.net/item/mdcl_3549549_zh?lang=ko
s00000023579001,https://krcare.net/item/mdcl_3549549_zh_tw
s00000023579001,https://krcare.net/item/mdcl_3549549_zh_tw?lang=ko
s00000023579001,https://krcare.net/item/mdcl_3562362_en
s00000023579001,https://krcare.net/item/mdcl_3562362_en?lang=ko
s00000023579001,https://krcare.net/item/mdcl_3562362_ja
s00000023579001,https://krcare.net/item/mdcl_3562362_ja?lang=ko
s00000023579001,https://krcare.net/item/mdcl_3562362_zh
s00000023579001,https://krcare.net/item/mdcl_3562362_zh?lang=ko
s00000023579001,https://krcare.net/item/mdcl_3562362_zh_tw
s00000023579001,https://krcare.net/item/mdcl_3562362_zh_tw?lang=ko
s00000023579001,https://krcare.net/item/mdcl_3562418_en
s00000023579001,https://krcare.net/item/mdcl_3562418_en?lang=ko
s00000023579001,https://krcare.net/item/mdcl_3562418_ja
s00000023579001,https://krcare.net/item/mdcl_3562418_ja?lang=ko
s00000023579001,https://krcare.net/item/mdcl_3562418_zh
s00000023579001,https://krcare.net/item/mdcl_3562418_zh?lang=ko
s00000023579001,https://krcare.net/item/mdcl_3562418_zh_tw
s00000023579001,https://krcare.net/item/mdcl_3562418_zh_tw?lang=ko
s00000023579001,https://krcare.net/item/mdcl_3562464_en
s00000023579001,https://krcare.net/item/mdcl_3562464_en?lang=ko
s00000023579001,https://krcare.net/item/mdcl_3562464_ja
s00000023579001,https://krcare.net/item/mdcl_3562464_ja?lang=ko
s00000023579001,https://krcare.net/item/mdcl_3562464_zh
s00000023579001,https://krcare.net/item/mdcl_3562464_zh?lang=ko
s00000023579001,https://krcare.net/item/mdcl_3562464_zh_tw
s00000023579001,https://krcare.net/item/mdcl_3562464_zh_tw?lang=ko
s00000023579001,https://krcare.net/item/mdcl_3562474_en
s00000023579001,https://krcare.net/item/mdcl_3562474_en?lang=ko
s00000023579001,https://krcare.net/item/mdcl_3562474_ja
s00000023579001,https://krcare.net/item/mdcl_3562474_ja?lang=ko
s00000023579001,https://krcare.net/item/mdcl_3562474_zh
s00000023579001,https://krcare.net/item/mdcl_3562474_zh?lang=ko
s00000023579001,https://krcare.net/item/mdcl_3562474_zh_tw
s00000023579001,https://krcare.net/item/mdcl_3562474_zh_tw?lang=ko
s00000023579001,https://krcare.net/item/mdcl_3562585_en
s00000023579001,https://krcare.net/item/mdcl_3562585_en?lang=ko
s00000023579001,https://krcare.net/item/mdcl_3562585_ja
s00000023579001,https://krcare.net/item/mdcl_3562585_ja?lang=ko
s00000023579001,https://krcare.net/item/mdcl_3562585_zh
s00000023579001,https://krcare.net/item/mdcl_3562585_zh?lang=ko
s00000023579001,https://krcare.net/item/mdcl_3562585_zh_tw
s00000023579001,https://krcare.net/item/mdcl_3562585_zh_tw?lang=ko
s00000023579001,https://krcare.net/item/mdcl_3562610_en
s00000023579001,https://krcare.net/item/mdcl_3562610_en?lang=ko
s00000023579001,https://krcare.net/item/mdcl_3562610_ja
s00000023579001,https://krcare.net/item/mdcl_3562610_ja?lang=ko
s00000023579001,https://krcare.net/item/mdcl_3562610_zh
s00000023579001,https://krcare.net/item/mdcl_3562610_zh?lang=ko
s00000023579001,https://krcare.net/item/mdcl_3562610_zh_tw
s00000023579001,https://krcare.net/item/mdcl_3562610_zh_tw?lang=ko
s00000023579001,https://krcare.net/item/mdcl_3562677_en
s00000023579001,https://krcare.net/item/mdcl_3562677_en?lang=ko
s00000023579001,https://krcare.net/item/mdcl_3562677_ja
s00000023579001,https://krcare.net/item/mdcl_3562677_ja?lang=ko
s00000023579001,https://krcare.net/item/mdcl_3562677_zh
s00000023579001,https://krcare.net/item/mdcl_3562677_zh?lang=ko
s00000023579001,https://krcare.net/item/mdcl_3562677_zh_tw
s00000023579001,https://krcare.net/item/mdcl_3562677_zh_tw?lang=ko
s00000023579001,https://krcare.net/item/mdcl_3562681_en
s00000023579001,https://krcare.net/item/mdcl_3562681_en?lang=ko
s00000023579001,https://krcare.net/item/mdcl_3562681_ja
s00000023579001,https://krcare.net/item/mdcl_3562681_ja?lang=ko
s00000023579001,https://krcare.net/item/mdcl_3562681_zh
s00000023579001,https://krcare.net/item/mdcl_3562681_zh?lang=ko
s00000023579001,https://krcare.net/item/mdcl_3562681_zh_tw
s00000023579001,https://krcare.net/item/mdcl_3562681_zh_tw?lang=ko
s00000023579001,https://krcare.net/item/mdcl_3562726_en
s00000023579001,https://krcare.net/item/mdcl_3562726_en?lang=ko
s00000023579001,https://krcare.net/item/mdcl_3562726_ja
s00000023579001,https://krcare.net/item/mdcl_3562726_ja?lang=ko
s00000023579001,https://krcare.net/item/mdcl_3562726_zh
s00000023579001,https://krcare.net/item/mdcl_3562726_zh?lang=ko
s00000023579001,https://krcare.net/item/mdcl_3562726_zh_tw
s00000023579001,https://krcare.net/item/mdcl_3562726_zh_tw?lang=ko
s00000023579001,https://krcare.net/item/mdcl_3562759_en
s00000023579001,https://krcare.net/item/mdcl_3562759_en?lang=ko
s00000023579001,https://krcare.net/item/mdcl_3562759_ja
s00000023579001,https://krcare.net/item/mdcl_3562759_ja?lang=ko
s00000023579001,https://krcare.net/item/mdcl_3562759_zh
s00000023579001,https://krcare.net/item/mdcl_3562759_zh?lang=ko
s00000023579001,https://krcare.net/item/mdcl_3562759_zh_tw
s00000023579001,https://krcare.net/item/mdcl_3562759_zh_tw?lang=ko
s00000023579001,https://krcare.net/item/mdcl_3562783_en
s00000023579001,https://krcare.net/item/mdcl_3562783_en?lang=ko
s00000023579001,https://krcare.net/item/mdcl_3562783_ja
s00000023579001,https://krcare.net/item/mdcl_3562783_ja?lang=ko
s00000023579001,https://krcare.net/item/mdcl_3562783_zh
s00000023579001,https://krcare.net/item/mdcl_3562783_zh?lang=ko
s00000023579001,https://krcare.net/item/mdcl_3562783_zh_tw
s00000023579001,https://krcare.net/item/mdcl_3562783_zh_tw?lang=ko
s00000023579001,https://krcare.net/item/mdcl_3562825_en
s00000023579001,https://krcare.net/item/mdcl_3562825_en?lang=ko
s00000023579001,https://krcare.net/item/mdcl_3562825_ja
s00000023579001,https://krcare.net/item/mdcl_3562825_ja?lang=ko
s00000023579001,https://krcare.net/item/mdcl_3562825_zh
s00000023579001,https://krcare.net/item/mdcl_3562825_zh?lang=ko
s00000023579001,https://krcare.net/item/mdcl_3562825_zh_tw
s00000023579001,https://krcare.net/item/mdcl_3562825_zh_tw?lang=ko
s00000023579001,https://krcare.net/item/mdcl_3562921_en
s00000023579001,https://krcare.net/item/mdcl_3562921_en?lang=ko
s00000023579001,https://krcare.net/item/mdcl_3562921_ja
s00000023579001,https://krcare.net/item/mdcl_3562921_ja?lang=ko
s00000023579001,https://krcare.net/item/mdcl_3562921_zh
s00000023579001,https://krcare.net/item/mdcl_3562921_zh?lang=ko
s00000023579001,https://krcare.net/item/mdcl_3562921_zh_tw
s00000023579001,https://krcare.net/item/mdcl_3562921_zh_tw?lang=ko
s00000023579001,https://krcare.net/item/mdcl_3562945_en
s00000023579001,https://krcare.net/item/mdcl_3562945_en?lang=ko
s00000023579001,https://krcare.net/item/mdcl_3562945_ja
s00000023579001,https://krcare.net/item/mdcl_3562945_ja?lang=ko
s00000023579001,https://krcare.net/item/mdcl_3562945_zh
s00000023579001,https://krcare.net/item/mdcl_3562945_zh?lang=ko
s00000023579001,https://krcare.net/item/mdcl_3562945_zh_tw
s00000023579001,https://krcare.net/item/mdcl_3562945_zh_tw?lang=ko
s00000023579001,https://krcare.net/item/mdcl_3563030_en
s00000023579001,https://krcare.net/item/mdcl_3563030_en?lang=ko
s00000023579001,https://krcare.net/item/mdcl_3563030_ja
s00000023579001,https://krcare.net/item/mdcl_3563030_ja?lang=ko
s00000023579001,https://krcare.net/item/mdcl_3563030_zh
s00000023579001,https://krcare.net/item/mdcl_3563030_zh?lang=ko
s00000023579001,https://krcare.net/item/mdcl_3563030_zh_tw
s00000023579001,https://krcare.net/item/mdcl_3563030_zh_tw?lang=ko
s00000023579001,https://krcare.net/item/mdcl_3563082_en
s00000023579001,https://krcare.net/item/mdcl_3563082_en?lang=ko
s00000023579001,https://krcare.net/item/mdcl_3563082_ja
s00000023579001,https://krcare.net/item/mdcl_3563082_ja?lang=ko
s00000023579001,https://krcare.net/item/mdcl_3563082_zh
s00000023579001,https://krcare.net/item/mdcl_3563082_zh?lang=ko
s00000023579001,https://krcare.net/item/mdcl_3563082_zh_tw
s00000023579001,https://krcare.net/item/mdcl_3563082_zh_tw?lang=ko
s00000023579001,https://krcare.net/item/mdcl_3563108_en
s00000023579001,https://krcare.net/item/mdcl_3563108_en?lang=ko
s00000023579001,https://krcare.net/item/mdcl_3563108_ja
s00000023579001,https://krcare.net/item/mdcl_3563108_ja?lang=ko
s00000023579001,https://krcare.net/item/mdcl_3563108_zh
s00000023579001,https://krcare.net/item/mdcl_3563108_zh?lang=ko
s00000023579001,https://krcare.net/item/mdcl_3563108_zh_tw
s00000023579001,https://krcare.net/item/mdcl_3563108_zh_tw?lang=ko
s00000023579001,https://krcare.net/item/mdcl_3563121_en
s00000023579001,https://krcare.net/item/mdcl_3563121_en?lang=ko
s00000023579001,https://krcare.net/item/mdcl_3563121_ja
s00000023579001,https://krcare.net/item/mdcl_3563121_ja?lang=ko
s00000023579001,https://krcare.net/item/mdcl_3563121_zh
s00000023579001,https://krcare.net/item/mdcl_3563121_zh?lang=ko
s00000023579001,https://krcare.net/item/mdcl_3563121_zh_tw
s00000023579001,https://krcare.net/item/mdcl_3563121_zh_tw?lang=ko
s00000023579001,https://krcare.net/item/mdcl_3563137_en
s00000023579001,https://krcare.net/item/mdcl_3563137_en?lang=ko
s00000023579001,https://krcare.net/item/mdcl_3563137_ja
s00000023579001,https://krcare.net/item/mdcl_3563137_ja?lang=ko
s00000023579001,https://krcare.net/item/mdcl_3563137_zh
s00000023579001,https://krcare.net/item/mdcl_3563137_zh?lang=ko
s00000023579001,https://krcare.net/item/mdcl_3563137_zh_tw
s00000023579001,https://krcare.net/item/mdcl_3563137_zh_tw?lang=ko
s00000023579001,https://krcare.net/item/mdcl_3563149_en
s00000023579001,https://krcare.net/item/mdcl_3563149_en?lang=ko
s00000023579001,https://krcare.net/item/mdcl_3563149_ja
s00000023579001,https://krcare.net/item/mdcl_3563149_ja?lang=ko
s00000023579001,https://krcare.net/item/mdcl_3563149_zh
s00000023579001,https://krcare.net/item/mdcl_3563149_zh?lang=ko
s00000023579001,https://krcare.net/item/mdcl_3563149_zh_tw
s00000023579001,https://krcare.net/item/mdcl_3563149_zh_tw?lang=ko
s00000023579001,https://krcare.net/item/mdcl_3574535_en
s00000023579001,https://krcare.net/item/mdcl_3574535_en?lang=ko
s00000023579001,https://krcare.net/item/mdcl_3574535_ja
s00000023579001,https://krcare.net/item/mdcl_3574535_ja?lang=ko
s00000023579001,https://krcare.net/item/mdcl_3574535_zh
s00000023579001,https://krcare.net/item/mdcl_3574535_zh?lang=ko
s00000023579001,https://krcare.net/item/mdcl_3574535_zh_tw
s00000023579001,https://krcare.net/item/mdcl_3574535_zh_tw?lang=ko
s00000023579001,https://krcare.net/item/mdcl_3574617_en
s00000023579001,https://krcare.net/item/mdcl_3574617_en?lang=ko
s00000023579001,https://krcare.net/item/mdcl_3574617_ja
s00000023579001,https://krcare.net/item/mdcl_3574617_ja?lang=ko
s00000023579001,https://krcare.net/item/mdcl_3574617_zh
s00000023579001,https://krcare.net/item/mdcl_3574617_zh?lang=ko
s00000023579001,https://krcare.net/item/mdcl_3574617_zh_tw
s00000023579001,https://krcare.net/item/mdcl_3574617_zh_tw?lang=ko
s00000023579001,https://krcare.net/item/mdcl_3574754_en
s00000023579001,https://krcare.net/item/mdcl_3574754_en?lang=ko
s00000023579001,https://krcare.net/item/mdcl_3574754_ja
s00000023579001,https://krcare.net/item/mdcl_3574754_ja?lang=ko
s00000023579001,https://krcare.net/item/mdcl_3574754_zh
s00000023579001,https://krcare.net/item/mdcl_3574754_zh?lang=ko
s00000023579001,https://krcare.net/item/mdcl_3574754_zh_tw
s00000023579001,https://krcare.net/item/mdcl_3574754_zh_tw?lang=ko
s00000023579001,https://krcare.net/item/mdcl_3574948_en
s00000023579001,https://krcare.net/item/mdcl_3574948_en?lang=ko
s00000023579001,https://krcare.net/item/mdcl_3574948_ja
s00000023579001,https://krcare.net/item/mdcl_3574948_ja?lang=ko
s00000023579001,https://krcare.net/item/mdcl_3574948_zh
s00000023579001,https://krcare.net/item/mdcl_3574948_zh?lang=ko
s00000023579001,https://krcare.net/item/mdcl_3574948_zh_tw
s00000023579001,https://krcare.net/item/mdcl_3574948_zh_tw?lang=ko
s00000023579001,https://krcare.net/item/mdcl_3574999_en
s00000023579001,https://krcare.net/item/mdcl_3574999_en?lang=ko
s00000023579001,https://krcare.net/item/mdcl_3574999_ja
s00000023579001,https://krcare.net/item/mdcl_3574999_ja?lang=ko
s00000023579001,https://krcare.net/item/mdcl_3574999_zh
s00000023579001,https://krcare.net/item/mdcl_3574999_zh?lang=ko
s00000023579001,https://krcare.net/item/mdcl_3574999_zh_tw
s00000023579001,https://krcare.net/item/mdcl_3574999_zh_tw?lang=ko
s00000023579001,https://krcare.net/item/mdcl_3575139_en
s00000023579001,https://krcare.net/item/mdcl_3575139_en?lang=ko
s00000023579001,https://krcare.net/item/mdcl_3575139_ja
s00000023579001,https://krcare.net/item/mdcl_3575139_ja?lang=ko
s00000023579001,https://krcare.net/item/mdcl_3575139_zh
s00000023579001,https://krcare.net/item/mdcl_3575139_zh?lang=ko
s00000023579001,https://krcare.net/item/mdcl_3575139_zh_tw
s00000023579001,https://krcare.net/item/mdcl_3575139_zh_tw?lang=ko
s00000023579001,https://krcare.net/item/mdcl_3575174_en
s00000023579001,https://krcare.net/item/mdcl_3575174_en?lang=ko
s00000023579001,https://krcare.net/item/mdcl_3575174_ja
s00000023579001,https://krcare.net/item/mdcl_3575174_ja?lang=ko
s00000023579001,https://krcare.net/item/mdcl_3575174_zh
s00000023579001,https://krcare.net/item/mdcl_3575174_zh?lang=ko
s00000023579001,https://krcare.net/item/mdcl_3575174_zh_tw
s00000023579001,https://krcare.net/item/mdcl_3575174_zh_tw?lang=ko
s00000023579001,https://krcare.net/item/mdcl_3575408_en
s00000023579001,https://krcare.net/item/mdcl_3575408_en?lang=ko
s00000023579001,https://krcare.net/item/mdcl_3575408_ja
s00000023579001,https://krcare.net/item/mdcl_3575408_ja?lang=ko
s00000023579001,https://krcare.net/item/mdcl_3575408_zh
s00000023579001,https://krcare.net/item/mdcl_3575408_zh?lang=ko
s00000023579001,https://krcare.net/item/mdcl_3575408_zh_tw
s00000023579001,https://krcare.net/item/mdcl_3575408_zh_tw?lang=ko
s00000023579001,https://krcare.net/item/mdcl_3575462_en
s00000023579001,https://krcare.net/item/mdcl_3575462_en?lang=ko
s00000023579001,https://krcare.net/item/mdcl_3575462_ja
s00000023579001,https://krcare.net/item/mdcl_3575462_ja?lang=ko
s00000023579001,https://krcare.net/item/mdcl_3575462_zh
s00000023579001,https://krcare.net/item/mdcl_3575462_zh?lang=ko
s00000023579001,https://krcare.net/item/mdcl_3575462_zh_tw
s00000023579001,https://krcare.net/item/mdcl_3575462_zh_tw?lang=ko
s00000023579001,https://krcare.net/item/mdcl_3575655_en
s00000023579001,https://krcare.net/item/mdcl_3575655_en?lang=ko
s00000023579001,https://krcare.net/item/mdcl_3575655_ja
s00000023579001,https://krcare.net/item/mdcl_3575655_ja?lang=ko
s00000023579001,https://krcare.net/item/mdcl_3575655_zh
s00000023579001,https://krcare.net/item/mdcl_3575655_zh?lang=ko
s00000023579001,https://krcare.net/item/mdcl_3575655_zh_tw
s00000023579001,https://krcare.net/item/mdcl_3575655_zh_tw?lang=ko
s00000023579001,https://krcare.net/item/mdcl_3575672_en
s00000023579001,https://krcare.net/item/mdcl_3575672_en?lang=ko
s00000023579001,https://krcare.net/item/mdcl_3575672_ja
s00000023579001,https://krcare.net/item/mdcl_3575672_ja?lang=ko
s00000023579001,https://krcare.net/item/mdcl_3575672_zh
s00000023579001,https://krcare.net/item/mdcl_3575672_zh?lang=ko
s00000023579001,https://krcare.net/item/mdcl_3575672_zh_tw
s00000023579001,https://krcare.net/item/mdcl_3575672_zh_tw?lang=ko
s00000023579001,https://krcare.net/item/mdcl_3580187_en
s00000023579001,https://krcare.net/item/mdcl_3580187_en?lang=ko
s00000023579001,https://krcare.net/item/mdcl_3580187_ja
s00000023579001,https://krcare.net/item/mdcl_3580187_ja?lang=ko
s00000023579001,https://krcare.net/item/mdcl_3580187_zh
s00000023579001,https://krcare.net/item/mdcl_3580187_zh?lang=ko
s00000023579001,https://krcare.net/item/mdcl_3580187_zh_tw
s00000023579001,https://krcare.net/item/mdcl_3580187_zh_tw?lang=ko
s00000023579001,https://krcare.net/item/mdcl_3580254_en
s00000023579001,https://krcare.net/item/mdcl_3580254_en?lang=ko
s00000023579001,https://krcare.net/item/mdcl_3580254_ja
s00000023579001,https://krcare.net/item/mdcl_3580254_ja?lang=ko
s00000023579001,https://krcare.net/item/mdcl_3580254_zh
s00000023579001,https://krcare.net/item/mdcl_3580254_zh?lang=ko
s00000023579001,https://krcare.net/item/mdcl_3580254_zh_tw
s00000023579001,https://krcare.net/item/mdcl_3580254_zh_tw?lang=ko
s00000023579001,https://krcare.net/item/mdcl_3580435_en
s00000023579001,https://krcare.net/item/mdcl_3580435_en?lang=ko
s00000023579001,https://krcare.net/item/mdcl_3580435_ja
s00000023579001,https://krcare.net/item/mdcl_3580435_ja?lang=ko
s00000023579001,https://krcare.net/item/mdcl_3580435_zh
s00000023579001,https://krcare.net/item/mdcl_3580435_zh?lang=ko
s00000023579001,https://krcare.net/item/mdcl_3580435_zh_tw
s00000023579001,https://krcare.net/item/mdcl_3580435_zh_tw?lang=ko
s00000023579001,https://krcare.net/item/mdcl_3580474_en
s00000023579001,https://krcare.net/item/mdcl_3580474_en?lang=ko
s00000023579001,https://krcare.net/item/mdcl_3580474_ja
s00000023579001,https://krcare.net/item/mdcl_3580474_ja?lang=ko
s00000023579001,https://krcare.net/item/mdcl_3580474_zh
s00000023579001,https://krcare.net/item/mdcl_3580474_zh?lang=ko
s00000023579001,https://krcare.net/item/mdcl_3580474_zh_tw
s00000023579001,https://krcare.net/item/mdcl_3580474_zh_tw?lang=ko
s00000023579001,https://krcare.net/item/mdcl_3591234_en
s00000023579001,https://krcare.net/item/mdcl_3591234_en?lang=ko
s00000023579001,https://krcare.net/item/mdcl_3591234_ja
s00000023579001,https://krcare.net/item/mdcl_3591234_ja?lang=ko
s00000023579001,https://krcare.net/item/mdcl_3591234_zh
s00000023579001,https://krcare.net/item/mdcl_3591234_zh?lang=ko
s00000023579001,https://krcare.net/item/mdcl_3591234_zh_tw
s00000023579001,https://krcare.net/item/mdcl_3591234_zh_tw?lang=ko
